-- phpMyAdmin SQL Dump
-- version 5.2.0
-- https://www.phpmyadmin.net/
--
-- Host: 127.0.0.1:8000
-- Creato il: Nov 22, 2022 alle 21:27
-- Versione del server: 8.0.30
-- Versione PHP: 8.1.11

SET SQL_MODE = "NO_AUTO_VALUE_ON_ZERO";
START TRANSACTION;
SET time_zone = "+00:00";


/*!40101 SET @OLD_CHARACTER_SET_CLIENT=@@CHARACTER_SET_CLIENT */;
/*!40101 SET @OLD_CHARACTER_SET_RESULTS=@@CHARACTER_SET_RESULTS */;
/*!40101 SET @OLD_COLLATION_CONNECTION=@@COLLATION_CONNECTION */;
/*!40101 SET NAMES utf8mb4 */;

--
-- Database: `progetto`
--

-- --------------------------------------------------------

--
-- Struttura della tabella `commento`
--

CREATE TABLE `commento` (
  `idC` int NOT NULL,
  `contenuto` varchar(80) NOT NULL,
  `mipiace` int DEFAULT '0',
  `idP` int NOT NULL,
  `user` varchar(15) NOT NULL
) ENGINE=InnoDB DEFAULT CHARSET=utf8mb4 COLLATE=utf8mb4_0900_ai_ci;

--
-- Dump dei dati per la tabella `commento`
--

INSERT INTO `commento` (`idC`, `contenuto`, `mipiace`, `idP`, `user`) VALUES
(1, 'Pippo e pluto sono i miei preferiti !!!!', 1, 1, 'tommaso04'),
(2, 'MEGLIO PLUTOOOO', 5, 1, 'Poppo'),
(3, 'Gran bel fungo alfredo!', 0, 1, 'tommaso04'),
(4, 'Gran bel fungo alfredo!', 0, 1, 'tommaso04'),
(5, 'Gran bel fungo alfredo!', 0, 1, 'tommaso04'),
(6, 'Gran bel fungo alfredo!', 0, 1, 'tommaso04'),
(7, 'Gran bel fungo alfredo!', 0, 1, 'tommaso04'),
(8, 'Gran bel fungo alfredo!', 0, 1, 'tommaso04'),
(9, 'Gran bel fungo alfredo!', 0, 1, 'tommaso04'),
(10, 'Gran bel fungo alfredo!', 0, 1, 'tommaso04'),
(11, 'MINERSSS', 0, 2, 'tommaso04'),
(12, 'Io sono un vero fan del piccone ;)', 0, 2, 'paperino'),
(13, 'GENTE DI MAREEE', 0, 3, 'Marinaio7mari'),
(14, 'GENTE DI MAREEE', 0, 3, 'Marinaio7mari'),
(15, 'Mi commento da solo i post perchè sono un lupo di mare', 0, 3, 'Marinaio7mari'),
(16, 'Mi commento da solo i post perchè sono un lupo di mare', 0, 3, 'Marinaio7mari'),
(17, 'Prezzemolatori!!', 0, 4, 'Marinaio7mari'),
(18, 'uykkukuyku', 0, 4, 'pippo'),
(19, 'Prezzemolatori!!', 0, 4, 'Marinaio7mari');

-- --------------------------------------------------------

--
-- Struttura della tabella `post`
--

CREATE TABLE `post` (
  `idP` int NOT NULL,
  `descr` varchar(80) DEFAULT NULL,
  `mipiace` int DEFAULT NULL,
  `immagine` longblob NOT NULL,
  `user` varchar(15) NOT NULL
) ENGINE=InnoDB DEFAULT CHARSET=utf8mb4 COLLATE=utf8mb4_0900_ai_ci;

--
-- Dump dei dati per la tabella `post`
--

INSERT INTO `post` (`idP`, `descr`, `mipiace`, `immagine`, `user`) VALUES
(1, 'Pippo, Topolino e Paperino', 45, 0x89504e470d0a1a0a0000000d4948445200000122000000ae0803000000a565f09300000249504c5445e57914134aaffbfbf9fbe41cffffff000000070709bb1811e97b14000008000009fbfafaeb7c14000005153ba3fffffdffea1b000606bf1810b8181200000ef9e518fce318ededecf3f3f1090606ffed1b080000134aaedd7000c21711e5e5e3d3d2d37776759c0000da7114cf112a153b9f134cb7c76000d6dadcdb7315b657009392908786868c49188513110000149616146b130fbebebbc569147500005e00004900008b000061605dab0000b56114a15211ac53006a0000793d12230000a917152e2d2e1e1d1f403f404c0f0da09fa0d7c41985001f002d831739a80f244a002e7a170c00562e11702e12594612cab513685e1a904115744a0fe6d21bb7ad18632f0fbe5c1b887c161502103a3918a19414978914a78d1ec5a8217f6219e1bd2a30190f836f1331270b625614806f179b440e685700534d10582d20756f61583a0d8d78798f8d99aa99005f542cc4c2d2656874aca9b876452b8367593d302557474d555450c1aa9b884e286347347d3c03aa5f23934e0e62676f7b848b44200a9a8984350d096739308a3400832c117b5948a479629883753a3e3a9f684785512f0e1d1a311f2667544e4e280fafbbb0522e14391e0b0b174954536100005800002458110e0025884357602535676323142d0a0b827e8e978d522117266a431188805498631a61593f9b74173b001991002aaf00281f1b0aa6002670301bc6003338304300134f188dd32ba8e72e5a7f146ba338496b4d6e85072759004d840e1d434f334910408c001277733c3a8f5b5511327200003e2c313b00002e38132ba73b10ba3d112076718300001ee749444154789ced9d8d431bd795e8853423ae3433e80b7d02a3110a48b2902c8dec58485816a051000126580862c02e049c3ab16962bbe139b16c4a4a5fdf7b09d4c40934d88d374ddb6d9ba46956a164574debfc65efdc3b12601bb77d6fbb0b081d1b0cc2c0cc4fe7f39e7bae148aaa54a52a55a94a55aa5295aa54a52a55a9ca3f242ccbeef7251c3041e8f14fdd8195410f7ac67f3e828258c570bca43408c36247cf0e59b22f1eab322a091b1f3e971dc921b02de41e1d1d752b46c71c7a955e75ae8a48167678c43c96760c0dc6732f69ce8f834c8c4d5e50a954968beefdbeb6832168741c34e67b66fd8bb446c34da9f444cc2ab34a756ebfafed80089b504d66cd66b33ead51abd5dc901ef4c70c842c8eb978d5d088b8a7f5e9313d569a978111378e11114843812a2122d8ce1c33988a6586034423448b30b19948151111141fd2eb67b32a8b4a3f4bab392eabc72a84198d55f32259d84b59bd7e2c0dbec8f20a4d6bbe9f0551592cc0e8e27e5fda0111e4be3c3be498ce5a2c13affaa5dbf46be7120fcf5d8490af4f0f572b10224d57acd6ab7333faec0f5ea740a463903fb2c366c81b67aa491111e4912825f5c6a4e3074e4674b9a2b72fbbc101b967b3e91747ab9e8808f2b40122f142fa9ae0129d361be3bdcee24703c3ee2aa19234dd6094cad747c6ae494a1da36494b6eb2caed5a05adbef2b3b30c2de503294f043a993023e4a4af77a07eab8ec725defa8faeab2b037184627daa83681a27456817935f1a6c8e874d4eb812a235988bb26fa23cdcf47fd4ea95ba0744a10ea7f34edf7b5fdb7cab3c3371bf7ea8010c32871c8175d22a56330304abc7584b4c88722be677e91786b9dd2e6742a954ed14b615e3a9d55bc71ec0811020d7a7686838e89146595dafca293c16c001065135d8963472aa04550042a76cfde5f646f5ab175311485fd0f40a29cfeb72e351d29400adf281b2790f694a665ca2fe948420484189dd7f5b6e7c835877c1134ea1e7dd6579b5c829f28102644791fe4dd474b8188f86ef9229167ebc5b2cb4a34088298ed6ac27dd414080b52c414b77279c5deba8162621bc98ac00989d78f5210db11e4ce27dc0334bdb277d867f34ec9a6c3699010ed4047cfc44893b55fcbf5abe9b6db83bbee1fa1b2ba20cf35a7648584c875f5ed23a9426c24709da341a23aeace4eef19c5fbb75b1be8ba6093fc92c0dc3e926b1f6ca09eeea23b9dce689462a8e56dcd71ab355c6c9bd1db6d82cd2abe792457f2518cd37476d12e28bafc561d25749420b079ad9acb6f9b159bc77af637625e050b3bc075a9bbe8368a51dafc5e65598dd0db1f6becf4cf217a6164c8bd71c6c0d1da8580ef084262fb39b55a4d472133d409b44489c496d884e0a2d5b4533ad614814f51229432a8d506d3a9e78fe0fa103b65004674b76085a01ea56d14362e362e526d343dcf28fd0f3a7c189129683018ecbc890f258e1c2336701cef62e8ea24ebf7b448fd8855b09e1f518c73de65d529add6bb18593ec8871639bbc994e44f1fc1fef4149810482794184c679412d9a6c0b2152a56b9acd7bd83b566692dc49b42e17038c90763470e113b709c20020552526dc7ade28fdbbc12c5948a56ea1a09714b7c38545bcb9b6af9e4da7e5ff07fbfb0b7ea65442e6269920b5c362811a814a3f452d69f63a561e349c063aaad359a828347ce172950444b1344dd0c25b4399d12a514758cbc2ce4b545ad3fc13d455f0a0ccd0484f8e491dc6fa59defc27921ed1525a5ceab832452275b992444add4ff248836c26b21d02253e8cc7e5fedbe487d375def92c4681b690439054170123724bd15bf41fd1457652812e693e1b5542a150c1f412542316de27f397157cc8abb1ba2d3eb745ac1115162bc898dfcef26925d03a25aa3d19434f1e1fdbede7d1094d71e1329d1e58428c6d874a2ce8a59e9a89fe11cb1b41e82e241235819f6d747111114694d2263155d0278219d92b201291de5745dfbe94e9f950d240191d1683ca28856b5ecfff15210ef3bdb44af8d828cd129ba40a9a45dade81c28100efa267eed88f822b46bdb0bdb5fcfb2c7241de52761edddceaee87bc77e02c8f23b307c615022227cea68a4456c241f48941b3d6e6d3dab685af652b64efabe4103945ca2c7e35fdeb58a8f62c112a15ae3914084dc2b9c460b7f7378850c32472d206aa3189d7482af4d05830d06e112bbabd30a2a973b6d2a33ba7c041021375efdc0a2e1622c042b8d56411031b6777893718d373588d77738b04d1db712277963c9d2924761bd885dd1a84ba2d1c410ca6b3805c28820576c361a21f539255dd9e6d074d32f7805e9cd1310ccb02b0a1f81a51014d318d4db8ccef8d8b7b59c1b3545418b18eb65235f6b32364b574ac10ca1eb5ea8479414239de489ad2d1e05250a701a7b19915d9b60739c260228ac507c50fe66632dcf9f12df222010726fc83bafe04b3f034626e3e9fc5140b4b06d6718d1190488c0dc3c7700919578a3f665013714118a249e7f6367e1c87fa2964faeeef7e5ff17c9632d6676753722b5d6bda2d1c610786d89a1a07ebd712a78c5f966134228960b9b4efdac8c08fe89b687a69ebd8fed300b52b8ddbbf6bab003bb10a9ed9ad8aa564356cd3a96af7925bfd7eb15963d2c00c271fe84b7ac4450d63aa7062ab2178b14f185fe86a9bbdb4d4236cea9ed3b8c34f1294e43a6a6519327d1456bdebad9d1c46240b8b43f8dd7b34b88183cf8518188907b40abd570064e1b2b0f8f47ea39c32e438b4c6934b20f46915483815b8db1915c3069c4f1cb78c2ab2c0bde0efaea8f3d15b75d1ff9164a6922a729372e2084ed44344ea3002d92ab31361f847cc01e5a5823ab1e18d12989da6104b9e5cfa465a05451905042437405abcb763072bfb4ed8d70d0074472c6cce6926b068dc1644a994ac9b4c9384f917d5754e91da3639cd272250d3520b796dbf13ab21a21c4bad5448fec76b566ca0788b89c6c684b6b7c70d1b0664a866b21052245eb492f248ea2abeffdcfdfbf27dae4f90f464c548e1eb1899de885150697a4eef8db4b6768d2f3d072ab6ec44e694a88d84428580bd9756d32c5e37fb01af1ef313ae183dede96badef50fa3f338bfc4fb412b478f7cbb73206e15f2a3d802eede3ba52e80c4adc621e0b1ab9c464614d0847923b8a1e41a97aa25eeda64e29bbfb5be5157d7dbbb9eb967a3acdd36e2b86df395b2df11f9343b760646c57a1669ba9bc13597ce4fd39a551ce5d88112a28496eb0fe28e6b32d80f8c7823b822637235f67606f0b489af7a292525b49154d2da455748358b22da5d2910b77ae9e7a2d82dc7288612699a8432f6a18603136403a1a0e17e2a0c4e880f85d6e8706d6d28597bfab5fcedee8fae7a7594d54f0992a48bdab037ba43d7574825f23822dc91d65178ce05eb11ee4dd36a4d00e15d6a7916c54ff34903170ea582c9e0a2c9d460089982fc5afed81dcaeac20d24a84d24cad92644297880e6ec9a7c45a81172efae35c0c4e446bdd26b2575a948736aa0e3ab87ecda9d82f0b56880881f3c1d043714329c590ba562ec0a63a5242f64d682d26fa3285174496d09775eabd69ea98c72cdb7aadd8548a44a030a9ddda4a8a0da20ae41d69d9f52a05cd26834860d86b0890727549b34a5b8c58d88c2ed9224a755c2c31f363f9e4473596fe3d4714aa3d654c61e9add419feec40d32ab550788e83692e1d83a21ac9d01afcede0af210c08206c3199ea4d5a660d280eb7fcf6dc126e9049c3e0a2246d466158e21f2733515b242bb2b75a46f0316cad5e964a8799ab6e2d80da606597780453e086060684983da9094d7f183a1454d42a1887401157927960888bca22032375970721a837665bf6fee9f2328b06d69644fac6e9e9e67f02e46792e88e9a6d5867a379b23c9b431f9929a0bf272e991cad93511d6d74d51924d4624002dda2a315730222e119bdaef9bfb674942a3816215948950a15c34b82489a6bb646f24d1783924f6022fb737ee1b0c6bf287c6e7630310ee142e70d1ce5d88043fe36ac2854d9c8dedf7adfdb304c1ad6ab5b900272322749c34478b3ae26070ff752acc27c9da3d0e69f7495a5dcb072371287c9bda285ba740ed20921efce217c32c8ad4bb9f3174741805297c3e1f1b97110113a0839d11b13406d2e48f693a64346130c9640a9c51addcbd4f9e8b68b511f60ad9445b4624d16df7f4968780a8f2b6aab1010d248e7888bc1b4a109c35ce934a8211e0bdf4bc91c70b1f21bcfd9c4b9288663425f2f57480bd81773fe26f54e28826d2d17f999cfe04efc9daef3bfaa70b9be368b2f483bd0feda5ba6872b005a1a4a4fca770ff874f114421b9ed6ada58e8d40cb0d72901148e81706f9328ca49df1bcb4edeaa3c3e0a8c48437791c8c474d2a01602dde5b49666a5299df3245ea70edd376144411911bfc67575d91571ab0dd48fb28ad75ebf0a9cbab96c76b2f28c0c0b46440bc44383914529a74b22fb869536b14db432cf1326497e117c51699b0c1f064474c4738dea9ca7a4b9747668ee5f24f1c1986364b2320f2c62135a1cf5c919166d7497248a7e9784cdcc6685d0e6c55a940436f70d764e8efa46e30903ddc9c563bfa4a4e33f9ab4e82d17b28e6c3aab377f3a5e99a75eb179488c3a65e743b9da846e1cec055cf343d64349a7f85a3e0581bf01b46851d62263d040776987cfaa7ed1f64ad6a2325bf42a8b596f764ca43fad8cc2e349817418f26b79a9c82a0a785d168f09e11db250b3cde301a197927cc860571b0cdb88d45df5b98191c9c9c90b43e4904b95caa2bff02bc727156967205088808b96736aa243f356704d366c6ddee721a0ad5c4f1ad7704167309510715c7dffcce4503a9b053cf279b2d9e95f9f330f572822ec8c385aae48297f57575464407dac51804645db4d7cf8d6b99361036e4192a86f02441aed5856af1a9abb7061f2d34f27262626c7cebdf09be7a655972a1411d4e650c8967acf94d54ae11d57427737c3e884d3e0abefb201ce409628391cd24c900368661d8eec507a68f2c2c8af7fff42c8943cf91cc844b63263be02afe29355479dadbc89817242c11f055b7b9337f2533e4579698914b2448bfef595e9e9d98b01cf44f685e79e5b33067f83118d0f552c22851b9b994d72524a1d6eac0aae2ebae1d415c1ea6a3741598f508e6ccc8290a6e6718708dcb5963e5e1f5120f48979f0b9e77e1b0c6342bfb93057b973e86c0764c992240a82204a2ec8b1e9fe603be447cd463e98c73bb3ca8b6f06236ea619835a0dd7a986620c0d672f029cdffe1a23fa757a62bf6fe4bf50d89b56a5a0b43a9d228968e16498ff776fe7f32153f0167ea18a54b8b461c48057468cb5c1d843aef3250576632323bf7dae242f982f56665a4404b9a38cdc6f063f4d9f806cf1b428d10690955c2e910bf34112d1d4061cd28c7c388fe2c7a748493f6d7ea18ce8778e8a1eb0469e2e09bb21ca26d884ff089e5816480e69506b388df6a5105f1b221bb20d21d2cc0f9f5e55e4092214c87e5a22f4fbb90af6d60a72f0a0d8e5026fe4f55e898a5ea7d74fd39d722fdb105e33997823616448e211d8da7032748e8db008213642621a26f4d0f159bc82b50879a2b8edec14a27459004817a7e1388ddd743a84c7a74306dc04c131df980a99fef279572e108f1df3e4b2439035fefe858bfa8b5f7c1da8ac2d58bb0445ee4994d5853d11bdab475b7f2b30b03ad5603241190be6953c03451a1e130e06f9e64c6f5d4b0fc807ae5f6655739f8ea7d367bff8c3175ffe3452a190d075af44e95c56a5ce4a6f37d7ec762e808ff64e4161b646361719d7eef34663123e312df6f5d6f5f6d6d5d5f5b6319ffd60627ce297aeaffff0872f9dccb7972b725fa8a2e936debf200126e763885ef229502a19349a8ce154d064c43dc764782d0921ed44a6a5a5a50ede5a3e63ae7ef1c7db2225fd71b34fd2cdafd7f5bcd3a1a83c9fd4145546a1fac0d38abb0d4dad892b1427f93018176f3a9d4aadadc15b92e74de1607b01ab10d6a21e41fcf28bab4ee557efd2b4287d03d8ea7adeabbc830bd175461229a5d5d5a6a6e9aeae9d6d470b0a76836c4a030d329a92491cda7095c6a75aeacaf2c63cfde5bf29853e5a4d777f2663eb5d2fbed35159e783a20e51e7f252948be6e8eef95d8aa4f579de4b92c32e7024c36f80c764329e28f49619f566687bc3d7c2b5e30d6a359d21ee09cc0f2815ae475005195cd35b8ccd2f412e64e8ecde45c8a049f4b57edc2e6f9025bd7d139e36e74f7cbc99e92d6b514f83bae1ab2fe769bbdaae96b901a3de9e3af8f3a7ed4d34877ffa011dbbed140c34b7983cbd8b106708f5b5b636feb599acea97c63bc12d9d2c6e15faeab0b7061e2dc506b0cee3d83aed6afc10097599f73f5f5f5fefed79a74966b37ce8f73fa2088dbdd01913cf9f3694461c0c9c3d54fb716b634d63dfe976dec8134e3cdf7ce2e3adc6ad62df668fac323da0455df37437d9a604ea534742ddb792288ad21b85f53f919fdf242d1f7a9bf39de138f5bb21a311efac86a283e30cfd61537b6d7f6b4d6363e3565fea4473737b7b73f389d4e6564d4deb56716b6b338319f5165bc009b9e8363050bab3a7a565fd1b90afc46b0f1edc119dd6079f93fe6c9374f51947411f1e41b7382db786573a20769942c16028042587145aac69257f406f0a85be4271abb1a6a6a6b166ab08e08a9b3dc0a8900143ebeeeceaeee2d4744bcf677e511045ffede31f16be59cfb8945773e4354144b1e3b05b9a828dad1892640cd8083665c4e75bf057a8df2d6224440014665583b5aaa6d8821fd92a145aea8a9906bb9a3e9e81886657f7dcb351944ea7a37436d1efef5befbd67fb098b6237df66840a58056063617908983ffdefcd98546dbb9ffa8f33db88b605232ae0778dad8d2d7d85cd026ebc157b419934f5c79dbaf26c914ee77476f7ae0b37d8a62b5681122aa139b240765a41196fa36e10d7dc2c02a2d6a71061487d351811306a6ddccc1c072deaa96b3cde40bbfc3a6779fa4ac94039b359f7c0957bd3aa53eabc871f118a0771a16a3202189d4452a15302f5ce874f23c2eebb086cf087c0a8d8f33e4dd310eb5b34fe369b64d3d9b6a71d95947ffd33abf7363ec2cf7be9d0873444ce8f01071486a75c6cc6a1ad59b09d2cec8508ec0cbf97652b93f9d74e691dd2a4cf05bf0416e5b729c9c612bc67fddb0f2430b8a88d619c871e11729f94f77af2cb143cf9ed50d41bdbfde2c9e21e8606b1ac1587b512a2e2bac408ebbd5073fcf99a9f125cb29929f100dfd75f2fe36d4a5ebf4e694becf72dfe6705c542a5e4f90aa5542ef37883a3f177e1932d7bb8eb9a2dcca7cc6e6bb3d74589eb9021d57de4b7da4063744a41a7b30977befee317d1d2a663ab92926e1e76351a48cad39cbc8ba2bca74a3b408c7f6d7d1ad1e302febab728be41cad7afda2809bf6c8aebde9ddbd1aeaffff86f12537add02f046ba43de1e41b15f254bc73485adce774a27c918db8b7f17514de3664feffa3a29460aa2cd4531e2b73dbddfdca66c8260dbce00e08ff7b0e78eb964124f0543446bbfbc612c55acfc899ec6bd82fee352c84065bf8ed5e81bc12b09b73f873aed0341c7e0c1a4f261077836e970bf243a8aacf1a5158fda52bd8a173d8ca9adbfab44509a14ea7a1f88b816a9eb86eaa30f0ad975b21367870f3eebc07fb8fbfd789eaaf6293186c2c5c6bfc708c2ff66ddfa35ea411d0efb22a5bc07d5feb7d61d3c322381ba77a85d1156a2a7008112259b8bff8016d5145ad6258869bd8dbd2ddd8cf22b08fe02b59d3d96aa11c976b84fe86513c9a73488ac58b703a29d3ab67527d2ef3c0a1976b1d8fb86ce590435eaedf9ec5e4fcb5fc4c7cd0c877dffe1aef451e4646dd9ce8c261ea436190c99207b6c2fd41046ad80a7b1250352c864b6b6a00469dd0e75d8d25a0a566b06afc7e28ec8c7a26e5b7bca6fcc9db70eb512a18d1d333325d752a9c5c5306e05d5f2cd1fb5e24a3553dc7c6f201fefe88845224dc756fb3eda2a16b6ca0a05b8b632bd2eb1872cf8673e8c5aa9ddfa4302becdf6d2215fbc4ed59aca9990914fe1984600b5af155bb73e2a1cefeff090d330f13607a460159b99bead1d370e888a0399cc072dbdeb3d7ffed0253c0e8840f20a873ce2e38377f0f1a7f26658d31a0efabc2979e27ea165abaf90294c3df67a7088bd8cd7416a76e594adef29220b775cafb6498292a298c7bd109921751efa956b768a0b93539bc0499fdabc0fa6d660a037c1805a5ab7be6e2cee4a6890c29d6b697c2c9f6c6cecc9b36c04ea167c5e78d903ed12ab321a3dece788e0a30a0d865438143285825095357e441b0c0d45b2b08ffdf40a5b3e708d8d6f1edfaa792c5782ffd0e703dd3af686ed8948bf9d56b70d0d9dbbe43ed4af0b864f50b3d7df8de5f3ef066253ad35ad9b0d9cbd7e0beb4a23b6a84cde238f72a28ecce6d693555b6b866cbc62233ff43ee586f0e48d77366bd1eb875e39ccaff98d77a6abd55c8c45be2937eb79bfa6d16e5737809d953c4e6363f1c3e2651f3e752ed7ba55c009f72e436bddfa3022ff1877ee8193925fd5520ef6b846b35e9bb5e8cd2a95de313473f007b19e75480539864fbbea43ecad1c04ac8e4cb141ad6ed8ceab1bf1426ca131810042a1d80a9070af08e74644c0a3973a646874ecc5368121afcd8ce9304e4174bd3761d6e3391a95c561193bf055dadebd3ec4e2412235176015e82e9e1d67f3c7ed6abb7d57500735dadac22dc326bc640d6924244a8542df66a1502816b73237cb37fe9a593f347defaae0c44787e3d3c3adc29dd5c4c5b9ac850c1b995507bc4f84227b9ee3813c9fe0a39eb87ef0361172a80e72736a7bc3f1d6528d811bd690276ef5c0b7b3f162a3dc24aac1e9359142f9d507d9dfa52d2a473ae1b9945b8eba40a2cbd7dff628d84b639369328e65491f704b43f9a70d0d21d67331ad0124783f1a9b23cfb2fba1d6aea6ffdc487c116e766c16b1e7fe0c1fbecbc6fed483d588f43e48b4cb5c2ffd2c363fa15759b2036ec4b24d4d6eb7c7ddd484d3cd4b637a4b168fab01bd834d4881028f5f20e0419e8ec4826a4ccbd935f5e30936b6a268c20ee5e57a0da799fb654fa6582c6c6e1632e09d5b1b8bf2d18face2d8754006d2b8d5b355ecbb1e41f2cc391b99d15b2ce699d206107814ef386615c313587f54e0902612077d3a1d3d76180c4291f8e0ccd8487acc31cb711c3da39ff1bd8c2d3132e698587d79664e3f942120b0e7c1fdc4fe7ce90851201b59a5ed76eddd7c870f1f374b1e6523afa92c66c7c4f0f62f0105bd94b87c7e488fbd90233bfe7094456eb7bb49c1b207354342819d8f59f7a5bbd32359955eafba68d65f189b9dc89acf0e04e0dad9f8885e6f8110ad9afde0fdcef3e77ff87ea6b7b5b1a06ed04e0d96ba3c28b1a2358029de2475094997d84862356bb6e8e77e35982ba90aeb494ca6b3df53e9b102a527df9d7af8f0eed98b20330f73c39e83996ba3f8b6bb6687cf8e4036070e42a59f9873e8f57a8763fcd387e0a86f05ee7e3fed7038b2d367c7d32a3ccfa91a3afb975c3fa7352c3c5adcc0de8c0d2c3d5ab51b340b839fb8a1b675477c8afc544a9d064794fed577830b0b64c61a8d4e9b1d242152a9be37397e71480faaa4972744cde9c9c0c1d4235fae1c7a06c7e1422d380ac3533cfb62daac4fcf4e3b2eb297a606cf64b3b377cfbf3c9dc604b193b5581c13e147204b534b4bf85ce7c4c6c223220bb98585dcd4e2867a6ae9d1cb6987599f7d7e696ae5f294ecf367091e82c8ec50e92de090f06f04018fe5183998b10dc5e5090d7678045f3af98bd3def4f4d9b38044f5e9f0e0a314fc0b7970d621df1c7623603f33f7fbfba70681d22d84e283df2d4d2d0c0e6e009847834bdf3d1afcf1774b67b3f06dd9d5cb2ba9c1a501f2bb4647808a592644d0901f08c0312455f695033ace8f0279f2ba1563a04225020414981968bfea958d4783938e5292b72366957e28fc1dd1a39541c40e100d5ac2120e8737363672b9c509d0187df6e5c5958d473f5ef511ef746c5caf7a5a302990ecc3035baea140005ceb70d6b28388e889fcc16b53831095f6b82f4b7603100d2e0c2e2510fbd78da58d81d766a627e74646c80cba390d2a04ba787e7175f0bbc1155f29e89f33efc58868ae7efac012c299df40dc1730ab54e6a7af3c7d2970665abffde96ec9de1f5cb42f2ce50070ecfcd8505a050e1dfc2e980db61d6c40aaa1c9f402a850a01ccf911b1b9ff9a9df839f1240b4bf18fea620453c37f3f4d30bb7a29f882872d3b28f7e5c2cfaa14424168b45142c8a0fe91d16a26a66f9db4affdd9cd667173672bb5ea219b907e6cc903e60975ff2daf8230b3e39e3e2c13ef59145e7f47b689125fb10b2c07359f353cf3cb8ebd90822abd6e0c7264a4efe29d1cf251e1fb34208520bf3b6d32e6b90de3cf4ca416f17b1b9ac650f4d191bc58b1d17b34f79238b6368674b07f2dc74ec49c86c7ef85479c1ba875f9b489be5040c8705737668723a71e9007b2259d0e838b8eb276e503f24f74add8939d51376a81f1ad8fddd9e913d10c1cf9bdd2bd341be8edccc443a4b4e15315ff8243f1a3914ebb36820ab7a3caa433cba2b7b50a4183d479e7848ab2d38bbb6a4c79ea83ecf39f44f40c29637fb8ca95804e9f7f0b98bb3e373e3e74615e830f0516087721607fdb2b58142398050f9da91229278383b3e9206191a9998493ca11d28f6625aefc0c663293b612852bfff3716cb808bdb0372d0ebfcdd025579da613197ef4f65195fd8ed1e10ab70c787038944627878f4e9c93b14495c9c9e4b5b1c0e598100d0d8ddbf3703830e8bfe9405b973b3441570019b1d393ffce4138c577af072cf9ef7050fba47e3608f2af8090e557a6c217e9814e41f14843cc377c13f8ccc4d9c5f1d76ffbf2f4d00264fe0b5d989891757072b1110165915e2f151f7ffefe021fe09c7707fad3201c982fed31ea2a2f154a52a55a94a55aa5295aa54a52a55a94a55aa52957d90ff0b5d0cf14773af5a540000000049454e44ae426082, 'pippo'),
(2, 'Ma che bella giornata per un tour in miniera :))', 400, 0xffd8ffe000104a46494600010100000100010000ffdb0084000a0708161615181616151919181a1a1a1e1c1c1a1c1c1e1f1e241c1a1a1a1c1c1c1e1c242e25211e2b1f181a2638262b2f313535351c243b403b333f2e343531010c0c0c100f101e12121a31211a21343431313134313434343434313134343134343134343434313434343431343434343431343431313f343134313134313131ffc000110800b5011603012200021101031101ffc4001b00000203010101000000000000000000000405000203010607ffc4003b10000103020404040504000503050000000100021103210412314151617181052291a10632b1c1f01342d1e114155262f17282a2162392b2c2ffc4001801010101010100000000000000000000000001020304ffc40023110101010100020300010501000000000000011102213103124161223251718113ffda000c03010002110311003f00f0741ace133f9c116cc2b67511c249faae39ecb44e96d241fe159984a8f887f978c1fc0aa0863c0dae2d96e476d91141d6f901e903eb7f45765278d003004e61eb79289a78677cc324c74e9741a516889717b1c74dc11c749946d3aa0d8bcbc717011dfcb98201b46b466396c4190f6f9638037288a788affeb6fa347de6792031c2221cd3c9a5c7a08557542d8cafda4e4713eaaf86a8f92e7ba6e04fd0651b229f889869740e205cf41f7418d3635e33179cc3775edd2eb94b3364358df4f2dbade3a2ad568b642ee6d708ee48b765d2c798cc206baeb1c2d0a2a3b1550c0ca07577a68d94661b0b59fabdadb7ec6f0e2e7edd94656a3106954b0d734ebbedf44cb07e234c082d206d234ea3fa4027f973f52f7b88ff00706fff004805465320902677692e26395ee134ab8f6b86ceeb1f437413b29b8639a3ae9d06dec80773b2bbccdf2f0171bfe775856a4e301aecad02ee693077f94c8f6473c12ccdf340e2e999e20592fa98a61219a19f34199e00094965ab65c0d530e272cbdee3af9a0770d8f7b2bd2f0660f33a9b5c761102fd7eeb43e26038b18d02348b931c86bd494362b16e1198b81d6cef4b0faad46473f0cd71814f48f2cc3475843788b0b5a04b84d8359b5b6be974b7118c24139cc18dcfd22eb2c2d3738c86bc83bf9afcba2a2b5aa3596c999d6f9c93ff00888f7583b10f92c6b209d9a0b7b9cbb26670ec668cccf3a37f6b79b8e9f7e88882d13a9fdc4c9faedc94d09cb0345e4f1d84ee94f8862e0e51f318ec9a78dd72c66603cce30d9da77037e8bcfd2a51e6792e79f5bfe09eca7b568cc35478cb4da49871205dd00124db4882562d7da44c9e774451c4bd8e0e639cc75e083044d8fb1d10d61cd072675b2c9eee0aee04ac08e488e665d73ecb81bc955c79420e39dcecb2701c559d0ab0833736564e6221dd1641b283206da2eab652a206b85a666c2384e88ea58a8906c7870e286a750ba04931b0447e88d5c08e5afdd014cc4c8b1b23b0f8870f95d3c8a594ea3470f45b32bc9de150d5b566e6074bfa8d96b48322e489373ff084a731395d1c60a270d44bcc341f2892490001a6fa202c3083008701a1bc5b70aeda4ed67a917fa2cdfe1f51bbe59e25b6e76360af568d46804bc3c1dda6ddd4c04d26388d4477fa26386f20f9413c4cfd12aa41e1b9b2be37307ebc15995dced4181a18b281a8a8d264c4eb3000f5dd6b568b1dbc74400ace737ca2cdd5c4dba5d4a7888dafce63ae9a0451f46847ee27b5fd4dd10ec4b5826413cc093df54add8a738c0989d447b4c22f08c61f99c0bb5bd88e0276ecb1f5df6d4eb3d337d1aaf16f2871d275fc095e37c1df4dd35048fda00273c99b5b64ebf518c3631ff7112785cebc56fe2be2eda8d6b5d1e5d36d6d33d12f8f44f3ede371342a1787e6fd38801acd47323413c490876e62e68789049cc446d7b4ef6dfdd34c435b07231ef8377c920f326e84a9847b807361ac067cda9b19cb02fbadcace28597018cf599f5108b763cb1a180e7204580cad0361b1f754c361983ccf75b99689d38eab23546c5f238447b8256b516ad88aa18492d6347fa5a24ed60943f18fcd77bcf00019e500688ead54ba335c4e924f73b7b2ad4610c262046e4cea05be9d9028c6be61ce92448bde2447acc4c590a6a807793eaad8f7c90d981afa68852e1c3b9515a39f3c3d555ef1c566e2b332aa35d3e6009eab37be6c1a3d551caad049d54167170d8fe745939caee7c1d490b9986e1064a19eaaef681a2e66e4832702a02382b4f155308327b8ae2eb9440fe930ba031b11bdbdd356786b8b06774cf216e7284c3b3cb0d45b9c47b587f5aa289f0ff0ea65a496cf531d51544b1a48195b11b7ac9d52ea235063a47dd6d55ae106c38ea929661d61b16c16ce0c732279e8b7c4e2980fcf3c72827d49d42f3d4de66d049d00b7dac8aa0f2d376ebc15c43ea473821a44016b6ab2a751cdf90803811bf38bac70953475c12788b7146d66dc3892237e3c9300c6b5471bbe1a3500c4fdd6d4abbe0b454803903da4850d00ef336c371c79a18b0e680f691dc76882a60229306a4e63b4cf1e6b76d736b0fa2198d77cda40b411c382a9a79b5df9cfd14575d8827cc64893a401ee8ba78074c9003a2e6ff51e8b0c2320cc820078be96009ebaaf401b9da1eeb30804372dcce80c1d0ce8364180c1b032e44f499eb9adc52f7e058db804ebd2fc27ec11d5695e18d6b7993a77369e9a2bd10c60bba5d3199c499e9c92c0b1cf20659396fe51a7bd906fc2971f30b6c38f502d0132a9588711680647013f5423aae63afa28317d368fda05b6006c877d31c001d058733d916f680758e7f9a207c42b8cb0079677e9a9e29a6281e32b8800344edaf4e09663f105a3890343edf527b04ca9b491046833476903af149db4ff0055ec601e67bc19e4e1bef600aa3cdd574b89eca929978d61194eb3d8c24b5a62f1ac5c58683ec8073acb588e13c0aa974f050b966e283a646aa85eba5e46a151c26fb20ee630a07da171af8e8b8dd5075e642a132b416557c4a0a34cd8ab1550bae32a0c8df4515a1441ea0183008827fe01e565c354936361effd201d5649066146b08d34ea8a7b87748cdbceeb42fbfcd37e3cb44ab0b562753316e7b236900002f993b6dd12404d07e575f5db8a368d799b08111e88071698d7ba71e15e0f5dedccc61ca4d8b8800f18e212f527b314a788f30b1e5a14d8b247d797653fc9ab33ce581e06b0413c3457ff00316b6a1cc098801acb9714d97d1658bbd85ac0f9cb6f7fb254fafc246c7f84562b10f7bc12c8d035bac5f8ee4caa61f0cecee05a0e5d73349be91b7b2a8e3c80000667527eaa8ca80380899db499e7b23311e1adcb3392d22e62dc41bfa209cc0c13399ff910382caa1a59666ee880045b994f29d52d01cf710db34346a001e500ea09b9ee0251828997c93af14e705498e6e775cc9caddba9e73f453571ad3c2e6f3b9b023cbbc708074eb087af4da621a473bfa7044627199ad161a042bf112436e2f3fd0e688c2b888fa20ab568b017e5f759e331a412d1ce7f84052c606cdbcc7f0a2b57e209711a73fa9fb21eb10e224f6e437ba99ff7481d7ec8773b2971224ba003c04dd01b42bb5a5e1d3a17758b7dd25ad4ce6041220585c1e0008e498632ab467d4b9c074b99375854702f63c3a039edec6d3e92b51293e23c3ea124913ac926f3bc93ba59598e6eb65f55f89b1b86752029e40e8d00024f45f32f102d9b1b7e7dd69994007a8e72ae7ba85d645588955698eeace78310d0d8116df999dcae9702105095c2b8acd0a0802e15700930013c82a13133e8b539eacdcf09b371c95c7156c430b6e33440b9696dcea2eb26491327a2bd7c764dab3cac5aa2bbe9f7516031a2e1bdd6e7403527d90ac69074309861e997682db70f541a5136823f3f944bcc06c9ba01cf2d71312473b6ab4a6f2ed4824ca06180c13eab8860713b91a742765f61c0536b58d68b06802390b2f93784636a537369d2739ce77ca04800b8eae2346f55e83018cc69f2bea00663c806d6d5d33a8f55c7e4e7aff8e9ce7a7d11c392f2189f077527bded602d326da807f841e23c42b31a43f145aeb5e19977275668042f1f82f89b1951f90bbf54137b003af962dd5678977c35d66793dc4e221e1c7688d7b46e9a616b1c999e23720eb7d26774aaad1c8e0f73a5dbfe7057a75b393c02f4388bc4623313fd74415074be4e9613de51389c3b9ad0e106469a1fec5fadd6587665040199c3dceb6f70639ac2ac7c472bcb585927379890632eb2d06c35b9e0b6c09ac6a3584979716c468334971b6c009d929c7611aca65ef058e241696b449246f6b88e256be378c14d8da548b9d51ad69a8f008c9203b23639ddc49e5c567e9b75bfbcfae3d156a64137362413ed001547d073599c0f31efe9d925f03f17a954657d3f20901f4da72c8876576c35f74e2b3f30394df48da46fd7a2e96639bcde29e5cf2e369361a9dd729526c49d66c3bdc9577b802e8b09b9dcebf72b269117fe965a7595c4c11102e60fd07d5618578ce5ce3394930741c3d972bdc820ec3759b5c011cec47e7741dc4892e36d49001ee96e25f94ccd8191edf54c310c8737983dba4754abc4f2e4691ae501c222e26eac4675b165d7b7f080c4be4dfd9605e66decaae5ad671c85526142baaaaac5d2148e0b8f30838d5ab05bbd96209b2f49f0b616595aac49a6d864824073ad988e5aa801f0bc19792e708686e69769ac4fb1f459611d40e5fd4f23cbe2448681a87107404f04dfc5ea64a0ccad6b9ac227302749cb2011bc9bee5799fd27557802ef7981b5ce91c3549b66ef86ae4b99e5eb3c44b594ee260e6209b1e1079af2805a600de06826f0bda55f0b77e8329e20373004020cc5cc49e2042f158ec23a93f2ccde3fe42cf19eb5aef7daed7a8b306145a7337a0771ebb04550a8f0641f51f6585237f58d95df50e8c11c49fb040d30b40d4cd980245881a5f87343e2708ca74dc5ce87fea656363e66812e774199a3aadbc12a1a672b8820f9bf981b958fc515f3560c1614d8d07fea779cdbfee03b2d7336a7572056f226792f4ff0f78ee42696225f49db93e66136ccd76a23e8bcc619cd206b9c4e6d235b11f744b1a0aed7896639ceacba2be267d47577e1838bf2bbe7110f690d731d22d10eb9e2132f07a991a4403600c08b81a8e496d21075e5a6bcba26987c4075b42b85f8ef31d7efa23297ba49d77fe16f51cd6417bdc1b39411a1d6018d261768b38de7b21bc730ce341e47edcae8e40dfda566abd3785601d5467339746cda6d73276db44d30d8114f344992384d869d178bf843e2d34c8a15aec3018f26edbd813bb79ecbdabbc56889cd55a4ff00dd6f41c973e9b9fc34c4617331c0e5ca45c3a20f106792c696059908c832b81196044111b7d7a2a8f1ba445dd2360d693cee77593fe29c38d9e7b7aeeac4b281f01c186526b1b4ded0c06734171bdde0b4e848d2263644e230ac79cac24bc8d408222fbd9638af89f0ee82c6d5638490e1940988198490e1a588d92ac57c50c7411448744c87c5f8820278dd32ff0081586f87c071355d9ef603ca00e7c4f2d15ff469b1d91b86cdbc912238efa25a3e2da8241631d22c5da8e66201f443ff00eaca8dbb4333658260de3966857619476268b1cd716618bc8124522d69e9e7804cf5fa24388f07aed6677d175c03620b9bc65baa25ff0015e24c069609d9ac68ed79e697e27e20c4ef5dfcc36dee134faff219d598e0d7389102d20df4b4e909778a3a5922f3c396c5473ffbd9571151ae05a356388775de388d7d121661447655cbcd12ea72a993685a618645c73111a6beaa3989a06215235456454215d193189e7c298c8a9fa0e716b2a5fe6201201b384c5e024fd93cf84f0cd7d7f33410d6930402366dc1e44a83d378bf81e1db41ef2c71c8c7b80cee82434c48274985f3ac3552c7078d469e8bdffc478263283c31ce617000303dd90dc5830f946fa00be7ce6916208ecb7cc9665f497ab2efebe8be32c6d4a4e735d01cdccc3304123308ef3eabe66c7b8ba499def7f756754cda998e2663a4e8b8cdd678e3ebce6eb7df7f6eb64c5c185170851197a0c5c6d1275eca8ca90046bd15aa615daba4f4160b94d9ba80dc0b039ec0eb92e68f703ee96f89e2b3e22abe203ea3c806e402e9009e4081d936f0278389a46e1a2a025d1366f98dbb24efa6d2f79d65ce3c05ccae9f1fb67bf4d283499db4f698bf744b330bebd35ee37f654a3d67f2cad45fe683b89efbaef1ca8ac3e203b42241ba23115035b3cc42478dc3bdeeced69b0125ba8d634e414a1e244b323ee36745fb859ffd26e56beb7dc7b0f0ef121258f204090e3a0de0a638baad7d17b41f99a6fb5ec27805e39b896b9a3cc2d131a93fceddd7a7f84b15866b9dfaac739eeb35ee8c9b792e7ca4dae6da491aae5f24926c74e6db72bcf9c316b9a1c20801dee9abb1641b3441169d51bf128c36763e8bdb99d399ad70232cc35fac8bcb74d41e175ed64ea7a705c7658e9e6788d29d57d9c0e5e9eea84126eef61f9c576a00345933adc24c5f2e411fb8f642d71c093d512f328572b12b37b073550dd16cc613369ecb465270db4e2426a317b7cd6f6087cd7fb4a38615c4132046bf8560fa4c1fbb41adcfd06e9aa11e620f3d164da4d0235717493c4da4fbad712ccc3232ce71807dcdf6b02b3c2e19d984ed20df7fc0895c7515855a1b8d47e426cea2a8ea4a1856d683f70aaea65ba5c70e1d117fa65d2f1c2dcc7356680e123bf24300b5a0e8aaea68ba987bcb75df81ebfcaa30832342350764023a9a7bf07362b3bfe9fbff00412c7534f7e18c3c07bcda6d3c20024ffe4aa29f10e20bea96cf95823beff64a98ebc1fc857ab5b349172e24fae9ec8563bcd13a4cae93c3362d890c07e5127784adedf9b8cfe422b1152e4fe70598f75292029516cc642ea8af5f86ab3106d724fd2e85c7d30d74c6569d2058ff00686c33bca5b3106e06e8ac389f238f94effe936b8fcf45057c39ee612e6d886bdd7b68d71fb24f4cc007a4af44288687e712432a0b1b1ccc2d104755e6e91b46c575f8d9ecc480152ab48870d8fb143d1306fa715bb5e088f45da391d781004b9c76cbee5d08ac7f83b2a124b72bb8b624f5e281f03ab903839bc22fadcd93cff184bdb2224d889b6bb15e5eff00babb73e9e4713f0c5761160f1c5a45ba8374dfe1af0c6b1ee6173882ccda806640e07630bd1069924dc4c9dba7e724afc37cb880362c78f47020ac7e3a73ed978b6058cc991b12fbc6a49ca64e97ba3dbe1557f70038027f84b3c7ea11535b4b4f7163f45b55f15aa441a8fec63e9ba6adf039fe18ed5ce685854c3d26fcef1ffc87f694d6ac4ea67a99faaccbc7157c27933a952903693ebf742bf18d139583b9fe104e7f25c73d5d04bb16ee43b68b07d53fea2b02f59e7d54d1a3de3bfe71593ea6aaa555a27ec029aa2fc36338276063bdbe93eab7c0d28765220dcedf658d2c0d56815184168d46edb44fa70e2aff000f325e7933ee12f989fa6469206a0cee2d1f28f98f13fe91cb8a6355c5e7233a39fb0e43895a8c3868802029a616fe8a1abd32c39c0b7ee1ff00eba84e4d242e2865693f9c13541fe98371ba1abe1b372234235ff844b293a9c663e53a7227ecb77d34d4c2763cce57d9db703d39f25e83c3710ca74487120b8cc104c916111d0592fad850e1044a09d999675dbb3b87fd5fca69809c3cb1b8b1edfd2b070305b6f235bdc1b9eb75dab45e413e533119640f759d3a25b63a91a68ba4ac307893eea39ab62cf31e402ab98a5f6aceca2a90ba9a1cb5e03c91fbbf84435dbb8c704bf0df2c45c1d79222a542747cc7e734d305ba08802411062faf15e6dc4b646a248f42442714ea10d24e5b03373c37d9246bed7e3f55d3e3be58ec6d3af3fc2b1703b42007bade93f8aedf67335f09c4e4a80936208be97d27baf4ad05a73398e24983b1da2392f141e0ff004bd7784e31efa7e732e61cb27588044f3895c3e6e7f63a717f0cc3e09ca489e3dfdfa25d46a9155a78671eb7fb1f44dc517817800efa9bf3495f4c32a819a7bceb36fce2b8c758af8ab73193ac881c44de10956536757ca40b1989900fa4e8929a801327cb27531bf35559993a6caa4ad30f543cc52639d7fd81cf1c7f688df8a3e8f83e25e7cad6538924d47069f46077d429a4e42e1b035aa7c8c7bbb188dae5658bc1d4618736fc1a4388e472931dd31678762ae062994e98240734105d06261d7d418ba1eb51635a58f797b9ba3e490f077209806dd0e9b2793c1736912ecb0491ab580bdde8c98eea8ec256ce58da350b86b2d2226f7274b42f4947c71f9218c634811220770c16e7c162d754736ef205f431a99249d49266f29e7f4ff454cf05ababdcca63705d27d8109ae1e9e1994dc0b0179046692f99061e2632c7443fe88cc333edbc927bc6a56f4981d6653a8fff0074646f5975c8e80ab312967ebb981ec0410e6911db5078adbe1ec18797670e0d0d06d2335fdc596de29e14f6b0bdc29b034416b4b89f3180733a013274847fc32c6657466cc0343a73445c801a74373ea97313f47b28868868803400405c34d18e6817252fc4639a0e5602f77003f8ff008e6b2d2af000bfaa5d97f51d61e469b93b91f508e6f87bde735536d98d36ee7f3aa25d460002c140beae1c3841008e7ba098d2c76475c1f91dc791e69c65285c561c3da5a7b11a83b108037b163518b5c35424963fe76ffe4388577315092ae1dcc97304b77670e6dfe1095333e1cc6873793c070ead747dd3ea8de296e2f08673b0c3f7e07aab2e54b02b699bf3547b16d4f1398e5232bf707ecb9502ace0273145ab8288ade9e53168ee6fd51d4e9017d90d850391e32bb8aac180bc811fb4712832f1bc500d0c6eaeb93cb6fe7b24ec9eea8ea85ce2e719256e05a38e8d6ea577e67d63975768ac0604d57646bb2db3131311603b95dab847d3706546c4cc3868637077faaf41e098334d97f9dd7772e0dec8ec6e18be9b9ba983941d01d8f2bae53e5feafe1bfa7f4bcbb1a06a6df5e89f7c278a21f51b025c03bb8307d8af3f4d8f0f2c7791fb89b031e88ff87712d657f390039a449d8d8fbe52ba77d4bcf8679e6ef97b1c7e2cb29933c009beabcfb6a02f69b920b4eb6b9bcefa928ff17c5b5f488649820cc1881ade12dc3d3cbe60e17b092dbe84000993a2e1cc966dbe5d77c98577de79fb42129786e141cefcf51e49244c0173c624775b620f9045e353ec867fe98bbea35a0e8357761a9f454bec77f9ab9b0590c81040320f3ca0402b318caaf39731dac21a3dafeeb3a34dcf8fd3c3547ffb9e031beaf8b740882f2c10e6b5aedc34c81d1da1d45f9a9722cb6b9fe120417b89dc0b77d0943d4c2b1a0925e6f10d692e3cac09f644d320c8227bdb9e9f52ad8301951af0fd5f76e901d6000022005673679d2d97c606c3d27ddc30e58d1abaa38031fed68933d616d5aac102d68efd3baf4f5e8e669022483bf15e671784f3c3fc8762476f9b4e7054976f93d4655a8b6038b6e4588306e6677dc6baaf43e165c69b0ba6620cc5ef123d179fff000a739c87f55c3fd0d262dc74099d0f0eacf680f7e46011918413035072db9dc956e249a618cc65360f33803c353e83ee97b7c46a5491469f9777bcd873e1f54c70de13499a3731d8bae469a230b7fa59527678539f7a950bb936c3d7f801194708c60cac6868fcd4efdd10fa67a740ba0408d54c343bdab37b110e2b32100af0867046bc2c1ec40abc47085e03859edbb7af043e1b101e08221c3e61a46de89b3db294f89e1dcd77eab3e61a8e238fa7aa0b3c219ed4451c435e330efc8ac9ed542cc7e143c703b3b7096feb398436a767714eea8082c453cc0837ea80571e107a28827517b090df3376d2ca2d3263428802e7d501e2754bde1a2e00f52b57e206e744b1b5a4976e4abcfb2b50d895e8fc3306ca603df19c8d5c45a760bcfd2a6499b18b993a701ccf44dfc2dad7bc8707388122f9477dd3bead39921e0f1060d039c7903f746e1c577fcac6b071719f60ade1f41acb0000e005a78a6949fc1631abd3c47c4d837d37b5ce74e76cc81024588b75096e11f95ec74c4381989def63ada57bcf88b09fa941de597361cdd66d1204710bcae1fc3ab39c48a04106482dcad1fb80009d392dcf4c5f6f5d59b41c5cf6625a25a32b0bdb96d71e5d892073b9edaf86f85d134f316d22f7e6ccf631a3598870131a251fe06ad674ba8329922ee361c738637537d2c2cbd0f87b0526369c9868f293fbb8c8d0159b9163cc5768631c5ce21ba79dc48041802fa6e2138f8729b1ccce18d9713e7cb0e71048d489200dd6bfe56c358d597b8932d6b9c72091786c4713278a26b63d8c30e75c680413c34174b7c2df63d84f2eff00daf2de2b87ff00ddcaf021ce25a5c2c674ee0edb1011b5fc7c36cc649e2e31ec24fd164fa589ae082cf21bc38068eb1774a8b801986a8012d6cb4903516b802418df8485dc3d4735c1b9733c3a728be9a0b5f609be1fc298c70655ac5cfb9c81c5a394feef528c381a6d12d019964070d89defa911bf15abd332606652c4bfe68637b4fa0b9b7128aa7e0ec89792f3c5da72f2881ea89c312e63723e45ae5b1227fd222f689b71ba288edf5ff959c6b6b2631ad10d01a360047a0d974b63411244dbacf7b2d4b5428290a152557f38222396642b12b3251557356456d2b37c20c5fd560f0b772c5ea0c1d643be512f085ac636408b134cd17e767c86ce1c3fae1c34440aa1c241d5115e1c0822445c11ec91079a4edcb1c6d3f4ea3dd01d565055514f783041b21aa6ea811ce5156a1e8bab4ce94bb0e32924926104d514579288a025c07122fd775ecfc2f0ada6205c9825c752a289d10c70f50bb54c68d524c74fa2ea8b3168a6b96f78cd3a036d94512801f8bf29f289196fc7358fd1038af1520039413986a6c234b28a2cac078ef10a84e52e3dbca3d07f28bf0cf0c0f12e71891e568cbee2ea288a7584a4ca6f75363034813986bb77f74c5a3eeb8a2acd58193a6b3f42ae690300807a8074e5a28a20bd3b0161a0d82e851441c3b7395c95d51050fe7baa385bd14510507f0aae3a28a22a84dd51dc1451064f178fcdd62e1cf928a20c1c87a9a2e28a01dec052ac6d2065a7498fefaa8a29484f82a8438b66449089ae6ea28b5ca50350a8a28b48ffd9, 'tommaso04');
INSERT INTO `post` (`idP`, `descr`, `mipiace`, `immagine`, `user`) VALUES
(3, 'Nuova barchetta', 340, 0xffd8ffe000104a46494600010100000100010000ffdb0084000a070815151418151515181918181a1b1a1b1b1b1b1b211a1a1b191a1b1a1b1b1b1a1b212d241b1d2a231b1a2537262a2e313434341a243a3f3a333e2d333431010b0b0b100f101d12121f332b212b3333333333333333333333333333333333333333333333333333333333333333333333333333333333333333333333333333ffc000110800b3011903012200021101031101ffc4001b00000105010100000000000000000000000400020305060107ffc4004810000201020402060606070604070000000102110003041221310541223251617181061391a1b1c142527292d1f01415236282b2e1334353a2c2d20724e2f11654638393b3d3ffc4001a010003010101010000000000000000000000010203040506ffc4002b110002020103030304020301000000000000010211120321411331512261710405329133a114b1c106ffda000c03010002110311003f002f03e9258b83af079820e8753bc46d56ed7740c359207b481f39ac2e12d61cbe4650a841e92bec6474489275ee15b4b6322045ca14650340da2c69b4ed23ceb58c9a5ea32c7c051781436052017332e739ee9ea88ed0b941f0a96f594ba9a053b8d4b00604b680831d5f6d4a8b225990933319b7ee3263d94f356183a03c7dc2c52d08e9939bbadaf5bda4aaff0015181e9982e1ef71f3aa125840d4405527533b499f60ab21c0ef760fbdfd2ab242c582587e9af88a030fc44643be7545272ec19e14653b13acc4fd1abfb3c0ae0604b2e876d7950382e0f6ec9b8121db3ac98072dc21428da7a0b2dfc66a1cd15187933fc7f1c05e4c8cdfb28055640e8c8209ec2c5bdd50e23d2754d0da52ff00543b48ef68eaf86f5a3e27c2acdc1eafd5b274b32b05866d3a43300353a991bf950787f4470800687607592dfed8a9b34a545227a5baeb8653e17587c50d69f05e91db5b09782840c4a101baae0ec74d7799efa49e8ee1163f640f8e76f8cd3f1f86b56d116ddb5504924050048035f1a4d8522e17889f57eb3730614b8009923acda0ae0e22af6c1e88733081d5883303a43433a50fc28cdb5d0eb9b51f68fb6b3dc6f84818dc3de12133a870034740e61206d227bb4a968651f157cd732843eb20961949859e475dc93df467a3189bc2e0b68cc347e8ee092872883b7480aadf4c2f30c57fcadd7c856572b120925a48cbb891ecad37fc3d171b33dfeb5b04e63130dd5cc06a0886dea546b72dcaf62dfd2ac70b3616dcea1449ed3b6c394eb5856c15cba273dbb804b4161a1681246eba0e62b43c640c43976720e63eac2eac40fa5036feb5438ae1d796d3b0cc5554e86090011ae9f9d69dd6e2abd8ab6bb6cdc16d4e1d5b30d72315d23467d80d3e35bac27a3f8ab56803ea4efb3301a927ea9ededaf27c4c850177339b5ed3a78f3af5df40f1d72e5929718b2a22896dc00200fcf6538bcbb8e71c7b0062ac6295731b68546e55b3478c6a3cc557adc73a90bedab36e222d86777840658cee351ef98f3a1ecba63333d8508032865681d54d961763237d7a3caae50c5590a56e8191da7b3c187c8d156b1971740e60ea644fbc89aea701b8a1d8e43cc00602f69398c91d804ef41dfc2e779b6e8a92154866e969d230a0fd298ee15939a5c8d45be0b76c62282ec48807913a6801027b697e9abeacdc21c2831aa904e93a0ec8e7b506f883662daaa87783eb321750a24e82e02588ee8f0a6dfc3e22e284f5a8ea068a1114af6420034db4df4aaeb5722e95865ae22a19b43d019a0e9a89813c81200a8f05c611f31cae00e8831a1662479e809aa8bab92d39cc067b91a86072a8cf0675124ac7d835cc3bfabb6b962721b8f23e9685640e50b31fbd55d464f4d174dc62d868cc44c1d36ea29edd34343e1388caa136dfa7d2074209661a4ce9ab46b5458f7fda1688caada446c0a8d79188f6d0e9a665692a2daa8ca46fd1274f1a3a8f80c12ee6c9f14115d9c44013a89d48e409e743a7124646600c0681de42b7b39552bbaa5a012466398c904c9c91b0db2b6ddf4ec05c636d729cb99ae18d729caaa358ea899d351bd2737dc4e09133f1872aacaaa3338400e63a13a1d639834fc7f11bcd7b148840c8c729e88fef550893dc4d40b826cf86456d05cb79b3cc9973a085fb51351635315eb2edc0a995f3f4a1a7297243181a1d84eda775698df2bf6679a5c3fd1158c4623676782480548dc47d283a78511ea1ff00c56ffe4355f738762fa330b920030c235e632ebbc558647ff13dc7f0a89ac76c85d78f87fa28f867a3a99b31981a832c083dd11ad68f17826f579ad3946054ea643188e94f6f6f753d00e474f03f98a2c9e8c4f61f67fdeb4c1159b2cb866216f5a936d03094b89957a2d1ae841d0efde0d30f0e5fa9e10001dfa888a830d8df54d980073650c3b44e9aefa49ab6bbc5ac40cd751336a033283ec620d6728e2cb8cad00db47b798a3b273394924803b35934acf11bcca1d2ebe56db32807cc46f460c5da7d16ea373857593fc3bfba9b29b034ac64785e2d77d61b4f754b642f10337595676db7e74dc4242b652c0b317257accc41075ef0639469dd520b6330206bafb20f3ec935d758049d4c1d7f3cab09c9a96c6d04ab72af85626ef4734bc124169194c18d7591be9aefcaacf0d88b88232823bd893ed2054786400158d88fe55feb52e4f2a9ce43c509f1af33eacff97e19a87c55ff0058141423283f449eb003e8d4b9077fb4d31bc4fb7f1aaea48304705fb62d84e9a8067aadbc933d20229cfc4120e570a75033111a88d448a86ea120856209060c298246876d62abb0385c42b7ed3102e2c6dead54ce907a27c7db4f362c113e06da22aa4bbe5800a942ba05d8171cc1abcc4b9b785544d2e5eda4058004cb413023bf9f9552624a2826e140009d40db69d687c2f1138bcd70aa945664b7120644312072d74f2a79ba0c772cb05c0a54fed12d9825955a4c8d8ce93e3df57986e1e96ad5c6770e08891c86f02491bc1acd8c38c85a1b7ca06730677e71a0fe615cc639444b36d88579672a67a20ea24efae94b35e06b4dbbdcc8e3786cddcc8c5ad82d2c00d0c930d1cc0ad3f02c5adac35c7130465588821441d67dfdd54fe921b966daa26a2e4f427ad30b04281a991b5771174dac3dbc3e50ae17a6ab2429624c4f33553f4a58f765c1e7797645463f881bfa46544274fac46927bbb2b51e877057364ba946cfd380eb2a0e8330e5207beb2f66d28b8968ace73f588100499d0e9a7beb47c242e1ae1b9693292a50f4d882362195a46e3b7715d1ab258533962bd568d25ee1978e82dcaaccc30249811a7641f7d04e5acb82f6e26554b2ac66fa9b6bcf799f2a7627d24b8e8e8508cd0735b72ae088ea9931b57303e910b686ddcb772e0d7aecac60c69d5d469efae5c555266d9bbdc8fd7a5d391ec497f5845c5b6b0888154e5d46b246d275f608f861951ad14456cc81c850f994ea41e4480fcf951bfaeb079b4c29407ac54c1eed1489105ababc470395502dc5419b482482c77924ebab7b68aedb864b726f46ee2bbc5ce925b43d171201958214c999620770aa0bec85df35c452e5554fef4e533a6860d5ee1b89e1d10225e2a00eb3ab3336ac75300fd53bf772acd61952db95f5a6e2abda28c744520bb31e96c0f4a40132dcc6b5aa51a33776158de0f711cb145656e948706149d0cac9d8cedcb9d36ff0cb76c67bd6dc026041792663629f9915aab772db86cf88b603aa8213404ac8249d419d7bf63d954cdc04a2abbe203977500a330d77e8866e8ce5279ebb72a548ab657e296db93171940198a940ca06fa680c0f954670b702291710a10429ca54419ec5d0104ebde698981b62e10710c82323672c60ac8200001899dfb3dbafe13c16db217b17d591c3212518ab2ec42b161cf98ec8a49a60eca2e1caed710bba901a4813940426089000232ef510405c167782c5f202bfd994b854c0394b4a981000ad2a7a38f6c82815a03090c4182ac068d209933a9acd5be1988c3bdc376dab06048965ca466540907964cdce9ec43bb55db91b8bc65860557138956075cf6d080038198e5ec31a7334dfd0dffc67fba9f8d68ec5cc3954655456c87d628495cc0683b370235ecaa2f5777fc33edfeb50e5f03965c238883bbddf215234687b247c3f0ae245437dce53cabb1b39922749730b1ca75db5eea938a70e5baa8ac46553a0d441e67420fb6a3e1e995259a49e7ce396bcea4f5c0ed9bd8bf8035949db358aa45437a2768ee4c774cfbce94327a276d4e8ee7b413d11f29abf76906436c763cfc8d448b957aa3db1af3dea47b02f0fe1cb6ae8b99dba2a4012320194c00a23b799e7df3563778a12b194eb03aadccc729a0eff004b32f6a346a7fededace7ea10bd2970010474fbc6fc8d6728abdcb527c1ad1c5a18f4370395ce5ff00b7dfeea93f5ca8dc47def9a8ac53704d603b88d7fb4a4bc25c6d76e813cae7fd34b188f391b4fd756f9ff327cc8a72f18b5dbfe6b67fd7595e238366beeb6ef5c450c540f58428cbd1cd2d3bc4d5b615eca2856b8ef000ccc0924eb26639fb34a3a63cd96a389db3f99f81a4b8db7fbdf71ff0a0c5bc2b734f3d3e35538ce0b7266cdc423b1ada1f6150268c10f365c63f8a5b0acaea1c18110430074986583ac0dc6ac3b6b9c31d12da825567312930149398800f89acbe3b09715515ca07d19ba1d130d99602f310a0ebf468ce0f6ef5cba8ac54accb00b714e51ab474f7807973a1c76a1296e6978de356d5b0bf4b2e9e2f049f21947950bc2ad9cb2cc1988da474146c206db93e755be92df71759edaae658eb16ca011ac651ab66245417389dc16c5b032b30259b5198f60d2428f33b9eeacf0e4e8c97e2dd24178ac5a5b7cef0d70696d49108c7a3989f80acee370979b12924955b84b11b332a07f13074ecda85c7bdc040813a6600bb298d65a4807cd6ad7846259ae666b4843315560faeb1988e800d240d7bab7e9b4d49f7660f55358c7b0ee298b4fd2ac5cb64492b9801a0cdd123c75abe9de7b4fc8fccd62b106d06960ea641194abeb3a6e17e356dfa5b1b462643f3ca375d01e905074edadb5e1d8c34e5565db903702abede2833b2c2e815847638983de35155588bf70096570a7e96b97ef0623df40e0ee905996496fdf51d51007587e4d73a81ab99a7722a9563f48805b59632cc46c00813006a7d943b62ee7d473e0d3f07a89f1d707f74fe33ff005d3511645e95a57987ab03319ccc49db40163e26b2f738bdce4adf7a7e0d4ec6e2ee64b401705919e5564f49c81f48468bdf428b1648d760bd2057859b7323553ca343123bbc75a2739f5caba1e73aeb324ee3b0457972e1413ab78e6520fba68f46b863d5dc19869bea40ec620444472da779a9969bbb4cd21a89aa3d5ae5a0c3a849efdbc35d6960dca8ca0ba20d14296c9a9968d6bcbc63f1c840175fc33ab1efde4d5b61bd20c6ac16960204141af98fcebce96125c8dea47947a4d9e2588e91178e9b06dc99d06a0ce80eb4dc4f17b86e284b99cba64263215dc91d183a11b8edac8e1bd22c430255108519b230657f05d086313b1f214b07e95967506c6566602472274d741b49a9f58fd3565ffac60c198971042863a413b9faddd34bd67fe95bfba3f0aa54f49ec5b65b5715b3654ca79011a6bdba16fe2a23f5fe1bb7f9bf0a96a5e06a4bc87a38eda81edcf3113ddf8553af11bb6f4ba85d7fc4b7a8f343a8f7d1d83e236ae6a843f74ae6f61322bd16ace0568b803a0260c0e7b48eea85343d23a6bf9d4fe66a16be620237bbf1a8837321e7f3a7e4d4605e61a875d08e7cc7cf435300741d2f23f0326abce2148edfc7c2b8bc442eeb96363d2d7bc0e54f0166157a436b234e7bfe350dc8ca7c29ed7c36a019f0dfdb50ddbbd13e1da06a76ae6d484b237849509209263bb972fc9a710bdd43d8c41d4158f31bf66d44ab542848aca251e3eddc5b8ed9732bb66241922779589df5a870d8a578130498d7b7c7f1ad0b03f9340627855bba49301cf30c01ecd64c1dab58b92ee8878f0c816db68596076cae9efa95ef9558b68e0023623331d849527b761b77f371c3bd885b8eaea7aa434b69c8aaf48f94d5a7a39619b156a6d954cd32c753954b2c2ea6247d283dd4b2763a40f62d628af4ad3b8e61adb47c26acb0d64d85f582d95baea4288245b5df3b18d18c08076dfb2b7b7ae19cabd63ec51f58fc8733e703628c05b36c90cf24b7354fa6e4fd63303f79a76069d01e6987e14d7d9b25c5b22d8956299f3b8215e4123666df59327b285e21c271585b62f5cb81c66054642b9636291bca96907603ba6bd62d70cb6800405400000098006dbd478be14b7000ec5f29ccb9d50e53112341aebbd1416787be1efdd05dede7ccca008d54ed94aa991a11d615a5b9836b2eaf71191520ebd5020c680c0ea9f656f31fc31ad86b8854b4283d13d28300b4b10489ecd8775555cc0dcbb65f28b6ac0c92a1562018680a0cc48eb5126da5ec0923ca71188171c0b60c165f31b6dd9af2e55ac3c3ae646536ae286208953a952741bc9824f80357d63d0572b99dadb3300750548e7a95124d1b7781e2e41211e09301e26411d83b694f55ca934f62a3a715d9a310fc3ae81a5bbca7b4238f788a8ace16e2e6f596cb02c4826db068d22596189f126b74d85c52ef86d3f75a7fd4690c4e5ebe16f8efcaa47bd3e7539a5cbfd0fa77c7f6615f096cfd1b89fe61ec688f69a8d30444c3af76b94f9e781ec35e82bc53063af6aeaf8ffd2ff2a2ed711e1e79c78e7a79c5f227a6d707995dc338d583478883f234ec4e181b88b914808835548d5031d63b58d7ac58c460be8b5afe22bfeaa2570f876eae4f2ca47b0c8a2efb3162b94cf21b7845047fcba6df4420f9814ad6154b30f52635d96d1e7d8c7e15ec07865bff000ed378a2fc40f9533f56d9904e1adc8820aaa691a88d01f75269b1a6918be0de80a395b9754aaf2b6c1031fb4517a23b819f0ad55af4670aba0c2d9d3b813ef5ab7f5cbccc7da047c62a65ab4414977d1fb31fb3c3d853da6cdb6ff50aa2e2dc22ea28e8e1ce7744052caa3cb308d61be3b56e6ab3888cd7b0ebd8ed70ff0002151ef714d077338bc2f1a5b5f50a3912147c2d7cebbfaa31dfe361bddffe55b68a55590a8f211893f518ff0009fc684c4e16ddcd5ad10df58083e3237f39ae7e8adcdd079d496ec1ed43fc4d5d6e28e55260ab6ef2084be187d5b93ef6dcfba9dfad6e275edf9a3483e4274f1228dfd1ae7d543e64fc69af87b9ccaf954628ac81c71f46d32907b37f6849a7feb5b3f4ada77c9027ef8aeb70fcc3a414f711342b70d5eaa2991f559963ee91450586dbc5e1db685ec86581e6bb532e626ce5395d6492753027e11505be1c148d6e2ff12e5f32c498a75bc2e91eb6e081ff00a7cbf84d6728ee5a6a878c75b6605ae24c6ca54ff2927db4527101f455dfc2db01ed681efa6dcc09020dd76d06a32aeac2627283b7b62866e19f59af1f1768f667a98c5be46da5c043e3ee724541ccdc7f92c8f78a6dbc5a31e95c77ed165401f7943107bf30a8ad70e45339403da42e6f69326adec92bcc90391283dcc0d370f7053f604447dad5a081b7370ae731b125412c7c4d5f7a3185b9eb45c6839495502154b1561100124006492c6072d4489604c92c5517acc3d59df650146a49d00ab7e058b2f8a1b2a22305590728892c48e679f9566e3468a5669aedc5b28cec493a4c0e93b1d15547693000ff00bd2e1f87612ef1eb1e0b46c00eaa29faab27c49279d438606eb8ba7a8bfd903ce441b847691217b1493f4a02e1bc40dd6ba32c2a3e55706434486dc6e0820c69cb91a432ca952a5400d600883a8354dc3b05eaeedc4264150477ab12351dd157740df396fdb3f5d5d0f9430f9d004784e296d93ad0501cf20f44a42beb1c89a2d714864075d0907a4342bd607bc73a8ace1d08752a37753f65ce723c0e6a85f83da258e520b060618fd3054efdc4e9b77682802ca952a5400c7407700f8d0d7786596eb5ab67c517f0a329526931db2a2e7a3b856ded28f091f03435cf4470c76565f063fea9ad05372f7d4b845f03cdf93347d1351d4c45e4fe21f28ae8e078a5ea6358fda04fc58d68cacf3ae65eda3a6879b33bea388aed7ad37da107f905446f63d77c3d96ef42037b73835a52076d31a052c3c36197948cf0e338a5eb612e0fb2c5be2adf1a0dbd22717c5c7b2e15519002a4302ccac4eba1ea8ecad567352acea7b28c25c30c97833ebe9ad8e6ac29ff00f8c6c7ef7b0fe1568f68375955bed283f11507e8567fc2b7f713f0a553f282e3e19e4e2f9ed4f62d4a971b914ff27e155e17ba9dafd5f7d7a679b916071173b53ddf8571b10e7765f20280cec390f6d3bf493ce28a1e41e2e37d63e4bf80a65d73dade2019f79a0bd70ed6f2a767db7f334a8598759bae0662ed12342a24e9b6f4d38d7274e666207e4d0e98a61a127710676de7cbf0a22de258120b0d0eb24ee39695345a9786156ce624e596206d2483fbd1e1bf78a65e7b80e5660a7be36f206894704cb10c0811f688edd341dfad0b711a482ebe73f8565a7dda35976234b6df45d0fb68bc359bd71820009263431e64f20379a13f462741713cb7f8d5bbd9f516dad871eb5c7ed1bea2efeac6bb9ddbd95ab6423b8eba832db42c5126584cbb9eb36db721dde353fa2a82fe2593331b6a84b83b3990327d9d7a5dbb76d671ae34e44df9b0512a0f67ef1e5edf1d67a03726f380a005b703a31f4979d6538ec6907b9bfa12d606dadc6b8ab0cc2091307593a6d33ce89a5589b01bf0cb2496c8a092492b2a493b92548334dfd5883aaf757c2edc3ee76228ea54000fe85706d88b9e045a23ff00ae7df41713b77d155fd6a305653ada33bc1d55c69af655dd418eb59edbaf6a98f18d2800156c4adc6192cb66507aee9d5d09ea376ad4e715786f8727ec5c43fcf96958bb992cdced001fe25ff7014750005fac48eb58bcbfc2adff00d6cd4dfd6f6f9fac5fb56aeafbcac51f4898a000578ce1c98f5d6c1ec2ea0fb09a292fab0e8ba9f020fc2bad0742079d097b87597d5ad5b6f1453f2a009f15785b47b8c7455663e0a093f0acd5af4dec9009b388131f41586a2475589a97d26c2dab583bee8a149b6534240e990bd598e7d95890f91449101477ec3b8d4c9d01b71e9a60e619dd0f635b707dc0d109e9560ced8841e248fe602bcef872745eeb0d4edf9fced52220c8040927db4b303d22d71bb0e7a37ad9f0b893f1a296f86d981f020d7908b482d039149527700c1f3a92c60505bcc54663acfe11b51981eb934ed6b21e8266b782370abbe7bd70800c90aac507588e88c876edad0b71351d64bcbffb570fbd548ab00a614a7ba843c5f0ff004ae653fbcacbfce0573f5c617ff316fefa7e3401e3dd2efa50ddd4dce7f3a523f9d6bbcf387e5ee14b347d1150cfe75ae8268112fae3f90297afeea8c5395c765363254b82418076d0cd48f7e1c82a099d48983af6f29a810ea4f6098f77ce9b8725988ed313e3b98dfb6b37dcb5d8b6b978112ba089000eae8bcfcf7df4a0ddc1d564b1de6293dd9249eaa13e649d20797bbca8ce118552ad7ae83ea90ea06f71f716c7672248d8788aca292dcd1b6f625c18187b62fb81eb1ffb153f446c6e91ddb2f7ebcaa97118933a34bb49d7decdddf1a938ae3dae5c2efabb6ca36023451f55408f0a1ec5a51a9d58ee7e43b00ad510c230ce507458ccc93cc9ed3df5b7ff00876f2f735d42ebe05847ceb0e23956dffe1a8e9defb29f16a9d45e91e9bf5237f4852a42b94ec152a5489a0054ab85ab81c5005761548b4e91adb668fe139d6acc19d680b7722fba93a3a061e23a27e553e16e7400264a92a7f84c50011488a535c2680165a500534b5726803a483a44d0ef83b4dd6b48de28a7e553cd709a0006e706c3111ea500ee5cbfcb1433fa3b863fdd91e0effeeab469eda69f1a5480cfdff43f0ec081eb54133a30dfcd4d46fe87a65016eb803b554fc22b48a6b85fb29628760bc2b877a9b4969492116331105892493036924d14ca36d69858d70b55087398e551e63df48cd2e950078719eda41cf6d434eaef3cd25cff00bdf1ae4f7d474e069d81252a6cd394d4b65244f94851aead07c06b1279ff004aee18eb2742aac4f769a11a6b062b8cd2009dbb803aee3c0513c2ed333055524b9caa794c86f0d841db4359b7b3344b709c1603d65d65eaa417673195139b9ed1ae9cc923b6a3e35c443654b608b69296edcead3a966ed663a99dbcaa7f4bb1c985b7ea6d9d1e1dcc1cd71f949d72dbdf28d67373355186b71999ba4c04cf2dc7440de3dff2cb4e4a4ad1a4e38ecc8ecdad65b563ee1f54777c688543d94cb8da0ed3a9ff00bd4726ba11830b5b7fba6b51e8a5e16ac62ee307855b739080c016712274d37d790ac6ab9ab1e1bc76ee1a45b70a1e336600ce50d1bf89a8d5fc597a6d29237984f4df0c0056f5ba08965524f79ca7e556583f4a70d75d512e1ceda0051c4f3de23956093d32b8dd61867ee74d7deda7b28ac37a44a1838c1e1b30d43210a44e9d87b6b911d87a25ac65b612aca469ddb891bf68d6a526b016bd224d3fe5596208cb7036ca5468d1c891538e3964ccdbc42663262089cfeb0e81b493bc51b86c6e03534dcefac83fa438733fb5b884841d4b9032349d00e6343dc2a65f482c93d1c5a010000ca46a235963327507b88e6355632e389b856b7735e8b656d7e8b6879510b722e111a30cc3c4744ffa6b2bc5b1972e802c62b0e074b32964332d2a04a9d8693a50b6f15c4a030165f276159ec3cd7c69d851baf59df148bfef7c6b1bfae3882f5b0687ecb7e0c690f4a710bd7c0ddfe12df0c9f3a2c46cfd61ed9f2a43107ead62dbd3451d7b1793c40f9915227a6b863bb38f14ff00693401b0fd27ba97af07f3f8565d3d2bc29daf01e2ae3e2b44271eb076be9f7c0f89a00d00b8a7e953b4edaa45e208dd5b8a7c181f81a7e79a2c0b83dd029ade3f1aa90e6b9ebd87d23efa2c0b69d37a61df7aae18c6edf70a5fa7b7323f3e7458160c0f7d2c87beabc710ee1edaefeb2eef7d16078b8a54d9a757759e69d14f151834e06958d12034a7f334d069c4d31d84585e96f206fe1cf4e756f84e302ddb0b916436842c32a103d643ee4beddc01ed15468849ab1c060bd6b855240025dbcf977fce6b0d5946316e7d8df4632949463dcb5e2dc42de26e675446032ca11a05511994900871f5b48022b3eb19b7983a7799d056a46192d484b60e91998f4a49899f7c682817b0075fa7aeb31e59798f6d78f0fba68c2a293aedeff27b4bed1a9a8adb57fd144e79f324e6ee32644545565c4f0b962e29ccae635dc18ea9fcf2aabca6bdbd2d48ce2a51ec78dafa32d2938c96e8788a9ed70fb7711999cae48d84f5a46de42852a7baaeb83e188b6ec41872008de0731f7bdd4f51fa4cb4d5ca8aa7e19680937c01df6dbf1a6a70eb4d21710a48049fd9b6c353ceb4c6d988dc446bacf8cef50261514c8441cb45034ae3b3a30f051a7083a64b8b2663a2ea7489d396e37eda63e06f4697038e596e76f8c765688a2e9a0d0c8eee7caa3161200ca7a311a9e42078e84fb69958fb99f5c3e3176cff00794fcebacb8ce6a4f8843f035a06b73ccef3bf747c298a841d1db5692093a083a0f323ca90b17e4cd1bd7c1e95907c6d9f88a8863e0926ca81e2ebac4123b2ad38a637116cc28d0aaf4824f4a3a50477d05678862444ab30ec36fe604d56e66e74ebfe0eb3c7600fed563ea5d6f9d189e933aed7b10be2cadf1340e238beb0d6101e7987c889a1971764997c38fe07603eecc530ea3f26813d2ebda462dbf8ad83f05a997d29b87ad770eff6edc7e159f57c136f6dd3ccfc98fc2baf86c1f2bae3dbf35a4ebc14a72f6fd9a2fd748dd6b38379ec80691c4d86df0487ec5d61f002b3638423eb6efa9ee6027e3f2ae3f00ba35050fb47ca97a47d47e0d1b7e87cf0b797ecbe6fe66a6a26137538ab7e43e42b347856246dee7fea2b8d6b16bc9fc9b37ccd3dbc8755f2bfa356972d0eae3f109f696e1f840a9d310ff4389a1fb6b1fcc4d6316e62c72b9ec07e229af8dbe2735bef336ff0028a1f517837497b167ab8cc33f895f92d4ab88c7f21877f06ff00a8579bbf1327e826ff0054fe3493888e76d7c891450faa8f49fd638e1be114fd971fee34bf5be2ff00f227ef8fc2bcf138cc6c1d7c1cff004a97ff001037d7bdff00c8df8d141d48f92615d9a6d2aec3cfb1c0d7669a0d29a416481a9c1ea19a549b2ac256e4738ad67a30c05b27eb319f281f8fb6b1605687d1ec5800db3db23e62bc9fbba9bfa76e3c357f07a9f6a69eb53e53a3638ef579465266359f9566f1ae04d1189be3956778a637e883ad7cd413d59a7547da7d17d3caebfd8ebb8b06db26fa93ec062ab0bcef3af87e4d40adad3cdd2371edafa9fb741c60fc59f37ffa5969ff0090a30ee96e39b4da6b45c0af936883f45e078100c5661df53a8ad370b455b49fbc331ef35dda8fd347cfe97e4597acf0a696143135d915851d364c69869aad14e0e28a1d9c34dcd524535880093ca80035b924b90616401e1b9a9918efccfe629b693a3dee49f09fe953e5eea64a236607ac01f1143be12db6f6d27ec8068b65a6e4a07404dc36c9feed7f3e1519e0d6770a4799f9cd581b74b29a058af056fea2b1f54fde34c6e06a35b771d3c1b4fc6ad4035d8340f0894cfc32feb9712daf683f19d2a34c2e357fbd531b03acfb56af60d220d02c57b9405b1c39237dcfe95cfd2b1a3fbb53e207c9aafcf7d36682707e599abdc4ae8005cc3a9067753a9f7c542dc5edfd3c3266f003c7759ad53114cba8ac218020d1b780c1f932e71f843bd83df017e44573d7e07fc37ff37fbeb4c9654755409ec1bf89e7e75df543b3dd4062fdbf466a69c09a899fb24f853339e623cc57559c36120d227b4d08ce4729f6fcc54891bc47952b0b252ea749f67f4a1c955d541267bccff4a201a8dac02d9a4cf947b08a4d1448a5b99f67e34420e637a135048331c888d7dba7c28dc21911af9c73f0ae5fabfe33d2fb635d657e18ebf8dbb119b9731afb6a94deb85867800fb67bfb2aff001d6d046424881322358d47b6aa3129a8fcf3fe95e7e94209f647d14fea75a31a8b697c8ac39066a44266759eddb7efa65b5dff003bd4aa9a13d91a78ef5ea682a89f2ff5adca7ee42c9afc6b59c2dc3d943a48953e5fd22b2f15a4e043f627ed9f80eed6af512a30d1bc834538015c27c2b93591d47585369aee06e4546d8903f1d3f1a0096a2bef2424efa9f015d7bba1235a190f4734eadcfb279780a056182e4998db4fc69f9c540a22945016119ab845415d0e681d92c77d70d333d38379d016733577352cd5c340ced20de34c35c0681592e63483d454b35004d9e96950e6ae97a064b114da8f3d3f3f7d00616d3931a9a6db739a26952adcf3796194852a55648f4a96952a0b4709a9f0dbd2a558eb7e12f83abe93f9a3f2895e80bfbf952a55e443b9f55a9f89067206ff0098a9300e5a731989f852a55eb43f147c9eb7f24be44c74ad670fb0ab67a222609d4f652a5553ec4e8fe436f20658227507cfb69d4a9564749589685ccc5849562011a11b7d58a942d769504f2458ad01234d2289b1aaa797c0d2a540f909a42952a0671a90a54a803a2997b63e07e14a9500c1382dd66b40b31275d49279f7d16e6052a540a3d8e5a7246fccd2a54a828969a2952a0069a4b4a950027a6d2a54033fffd9, 'Marinaio7mari'),
(4, 'Gita a gardaland ', 78, 0xffd8ffe000104a46494600010100000100010000ffdb0084000a0708121412181214121818181a18191b1b1b1b1b1a1b1819191b191b191b1b1b1a1b222d241b1d29221b1a253725292e303434341b24393f39323e2d323430010b0b0b100f101e12121e302924293832323035303232323232323532323232323230323232323032323232323232323232323232323232323232323232323230ffc000110800b1011c03012200021101031101ffc4001b00000105010100000000000000000000000200010405060307ffc4004c1000020102040303060a050a06020300000102110003041221310541510622611332718191b1142333425272a1c1d1f0158292b2e1162434435354627393d20744a2b3e2f1c2c36374b4ffc400190100030101010000000000000000000000000102030405ffc4002d11000202010401020406030100000000000001021103041221314113512232617114338191a1f04252d105ffda000c03010002110311003f00e514f14514f15ea9e68314a28a29e2980314f14514f1400114f14514f14580114f14514f14580114f14514a2800629451453c5020229451c528a0008a7028a29020104c6e37d07b6949d26c718db4808a51449b0a78a69d835404528a38a514c5404528a38a68a02818a68a38a514050114d14714a2800229a28e2945000453451c528a0008a68a38a68a0018a68a38a68a430e29451453c548c68a514514f1400314a28a29450034528a78a78a6034528a78a5140868a514514a2800629451453c5300229451c528a0008ae3896f357a9fb07f18a9315cdb87622e3674b6728d04c09f1827d15c9abc9b71b5e59d9a1c6a59537d239611a548e8c47aa647d845778ae6981bd69cf94b6407e7a11234e5b695da2ab49937e35f4e09d663db95d74f90629a28e2945749ca04528a38a51400114a28a2945000c53451c5345000c53451c5345000c53451c528a40738a514714d1400114a28a2945001453c528a78a82c68a78a78a78a600c53c514528a2c434528a28a514c068a514514a2801a29451453c5020229451c528a600c528a28a514088d8abd72da17b62587866d0e9207335409731588739096683a905882194447483cb6915a4bce468aa598ec06a7d3e8a4d85e20482aaebf50aa0ff00a4ebb0d4c9af335728a95f6cf4f498e4e3da4bea6606271366e14321a54000196ee02d2bd24edaee2b496198a29710c40246d04f28a4d85c7a82cd6d9873cecac63c0ce61b72aeb69c309820f307707a1abd1ca2dbf0fd89d642492e535ee8514d14714a2bd03cf0229451c5365a0018a68ae914a28039c5345748a68a0008a68ae914d1400114d14714a28039c528a38a1a403453453d28a06153d28a78a8b18a29e2945381400a29e29c52028b01a29e29e29e28b0a0629451453c53b150314a28a2945161434528a28a5145803148e9ac4f875f0a2a7a06578e297ae4ada554eb1a18ea4ee7da2a5d9e078b740de5184f4883af29d7c2adbb3d82b79ddfc9ace5de3499f64d681ee080160c6fa482236991f7d79392152a6cf4a13b8da461319c1f156d4367275e711cf4d39fe150ed711b81c5bb8a0b181bf784981de1edd66bd0af22b2143a93be6e7acefb566b89f0e4b774b04dc08623c391fc2ab142e7499392751e511a29a28e29457ab679c04528a28a514580314d14714d14580314d14714d145850314d14714d14580114d146453114580114d466868b18314d454d4802a214c29ea2cb1ebbae158a1b91a7bc6b27f3e3d2bae0f0a08f28fa20ffabc054fb38db618a5cb88b9e00b6480607b9bf8749ae7c99f6ba46b0c56ad94b4f43c730f770a7ca28372c9fdb4f49e63d35db8365c42f94121079c488db52276f491b55acd16aec978648eb87c233ab301a01ed3234fcf852b5872c8ee04956511e90c4feed59a63ada300d7151608543bb0ea472fccef02271817ec2b5fc3b9f2660dc5ca8c548d438cc0caebeaac56a6eff835fc3f5c917c83fd13ecfcf4aed87c03bce8440e7ccd71e0dc471788695bb08be7364b7036303bbbc0f5449daae5b88a2b89b817a0824bf29200d176e9d7a003d55ae10de976be594ff077fa07d94be0eff40fb2ad78ab62028b986795d0140a8c44e92b2b24787f102361931efe7de083a65b6cdec558e677229fe2fe825a5b57670c3e0ddda208f1ff00dfa4530c1dc9ca1189f01e8fc4568ed860a24e6206acd1279c90b006e7f335578fed0616de8f773b7d14ef1f60d2a5eb29f452d2da38d9e16c7ce603c0778fd9a0f6d4fb5c3eda092a34e6e647b3451eb9acfdced1e26e1cb87b1947d27d4fec8d285380e2af9cd88bcc7fc33007a00ac27a99cbcd1bc34f08fd4b7c6f68b0b6fbbe533b0d953bd1f70f55555ee3b8dbd230f6420fa4dde6fc07d957180eced8b634404f8fe1564ca96c6b95544740057337e4de2bc24662d71dc65a8188b21c7d25eeb1fb8d5a60bb4385b9ddcf918ee8fddf7e87d75676cdbb8a482aebe10455763f8058b9ba01e8fc284fc8e51e69a245de1d6dc4850279a181ecd54faa2a05ee10e3cd60de07ba7edd0fb6a01e0589b27361ef30ff000cc83ea34ebda1c4da397116330fa49a1f66c7d55d10d54e3e6ce79e9a12fa1dd387dccc14a11e9d34a1bd82b8ad194f878fe7f0ea2ac301c7f0b7344bb91be8bf74fb0e95637c33210aec84ecc8608f51d0d742d5b6f9307a4a466be0cff44fe7f3f68ea289306ec40cbbd77c559e209e6624b8e9215bd8c23d84d4fc3dcb96adcdfbacceda90658278003ce3f9db77f8b6fa44bd2a5cb65762b87ba1d04af23a7dbeff004547f82dcfa27f3f93ec3d0c5de1b188e1823bc6a09d55d0f5d758d67c3d074cdf15c4e32c3e437ae366f308f9e3a40e7e142d534b9435a5527f0b27be0d825bd219cb88fab1bfb4fa22871d836b64743cfc63515370369ed5b1771370bbee0196080f40352da72e90399ae963196ee66018bafcf560432f880751e81e91d09f8969ae38f2278172af928e299564c0dc98a6e3cc70c442970fe637cdf41239f873a9bc2300513e138a3ac4aa7cd41d639b7b778f4ed2d425d72671c0dab7c0d8ae1ec8a1f711af878fa3f3cea09abcb3c4eddc73e4d896f9c8c0ac8f00db73f4eb33b8858fc185f8c4f30fb54f4fced518b3eee1f63c98ab95d15e69a88d0d74d9850e282e5e44f3980f49fbaa91ee5f6df3fa8103eca01877fa0dec3f8570cb55fea8f4a1a2ff00697ec6d307c4eddf94b692c8b9ba000402402794c6dce9b0784b6a1ee36624cb16caa602807289698d3c3524d51700c5358b8ce6d3366464e622483331fe1ab65e3020afc19c68479cfcc65e42b08e45e479b03ba8f44aed17155c3e1ce74eebab2a680cc0dc898d2473e754fd8fed4d9c505c225bcb715368ca8d979ac4edbeb1ad73ed3621b16896fc8b2aa66912c73668df41034aafecd61861310b7930e74cc221949cca57783d6a5cd5d1a470bdb6cd6e16cdb0ceee18b3e625a14e5caac72804eddd27d752f89f135c2d9374a136c6836924c988d475e7155438cc7fcabf3f9ee3ce5653b2ff0088d44e3d8c6c4e1861fc83aa870c7566cc00223cd1d7ecaa94e34650c13ddc9c3b1bdaeb17c0c20b615c67690b9118062dca758d4ce9dd3e15a6c1d95f28da176692cc4428cba6503431bf2037ac3f00c00c36212f2618ca12477584cab2ef1a68c6b4cfc4d98f7b06c46624825ca99cdcb2c1d4ceb3b54a9afb1a4f034d792cb1dc6b0b64657bab3f413bc7f6574f6d53deed3dfb9ddc36118746b80fd883f8d5b705e0b6ef4de36c26a172e5d7baaa267bbeeaa8fe54ddb4b2b86b6046a4669f5eb2478c9f18a6e0bb6c8ded3a48e5fa1b1f89d6fdc7cbf475451faa35ab8c07656d5bfeaf31f58fbaa9aeff00c41beaa5bc821813a66ff753affc41bf00f9041e92d3efa9db1f71ef97b1b1b585ca216dc7a34ffe35cb1d8eb7672f9485ce48505a0b102481237ac937fc42c472b36ffebfc6b85fede5f75caf87b0e3a32b30f616a3647dc529ceaa3c3357778eda5598d7902da9fb2b3dc4eebdff002970e71920402a550cc41e4d26448a83c2eed9bf67ca5cb61133b829deeeea5616492069235abc4bb869701e52e41613b900f8f8edb7b0571e4caa32dafa38f166d4b6e4a54d3ae2bc1cfb10d7585db970306675010e9a2ae6cda0d6438dba0ab96e316c338681949139e660ebcb4aa91da17b6c96f0fe4dc1725cb86661fe290c358eefb2b2bda9c5da1795cdb17954ce562d919a412ccaacb98493a6dd6b6c54d5a769fd3a35d46ab34f2c629adcf97c7147a370fe216ef8636a1b2c4c34c4cc6c08e47d9522e618b0836e7d27ff001ac061bb7188b6812de1f0c88068a88caa3d015e05761ff10317fd9d9f63ff00beb6d91f7378ce6954b966871dd99b573fabca7a8fc22aabf4163b0fad8b8f1f47565fd96fe3506eff00c42c52a96f236cc09801a7d52f5d13b7b89804dab63d4dfeea36c7dc7be5ec4db7da3c4db397138463d5ad833eb5356d83e3585bbdd5b801fa0fdd23d4da7b2a9acf6a2fddb896ae5ab433ba800ab33659ef12330cba4c6e67955df15e1a2c32ddb7645c624a95c85801bcf33b8154a2aad316f6dd34767b2aae6e41560be74128544b6a165baf2eb583e35db9cb89b7696df76ddc9046587894d3bbdd1323eead461b88626d994c1e5e7a2301cfa4753592bbd9cb8cc49c236ac5be4ce8c4c9234dfc6939fea698f0f774bf53d02cb9b96d2e3a68e3300080472d743c8d26c20f2b9914ab8950c5a41198ee207bf99aa9c36331896d2d9c2e6c820164793e9fe15d5788e3036718413afcc7e667ad5ac91db4612c32df7c7ee653b53db36178e105b2325c82e328cc509042e863bd3ac83a78d6cb0d8d6b98717ded8cbaf7740d201220e53eee758cc6767ef5db8eed843df7772326999d8b1227c4d5d608636dd8f206c67499efa1661a444e6823d55319f3ca66d9317c3c35fb976f85b66e688c19090ac5e77cba11976d677e42aaf8b71936ae3e1d86a000cc0755079b6ba115d06371b98bfc11012649f26dd00fa7e02a9b8870ec5debaf79ac3067209cab03450a3763c80a729f29a27162ed4aabee1dbc55b6d9c7a363ec35daab0f02c57f60feca4382637959b91f9f1add6aa5e50a5a387891a4fe5037f767fdb5a36e3ce3fe59fa79fe13d2a3f0ec35b565cd6c10586fab2c9d1830dc4f2ad063901471e9fdc6ae79a7162849356538e3f73fbbbffa9fc29ff940ff00dddffd4ffc6a1f12c0abdc36d14222e99940ceedb9198f9aa36d3d7b882c1f0a4b643042c23cd739c369277d54f88a6a0dab21e549d13871dbb13f067e7fd61e5bfcda1fe505cfeecffea9ff006d5e5b450881042e4303a6874aa7c7d8b634f26b99d9cb36592067613e249f754a4dba3594925600e3f73fbb37fabff8d1af1cba7fe59bfd53feca896f04a3e6441d766e912235abfc025bf244a5b084b00c06d987dd114e707156443226e8aa6e3f701838661e9ba7fd94dfca0b9fdd8ffabff854ee2b61496616d5dfbaaa58485967d48e71d3ad53af00b64e621d89d8e665e7c82c01ec14471b97213caa26838562cde50cd6f210ec233679f8b6d66075dab397efe6b696db0720280ae2e65303404773d71ad697855a096c2858ef9d620b7c5b6a7c797aab925ab6d62df944ccaa81a2264853b78f2f5d39c5a4904649f260af70927bcab91a769907d837f57b6a9efe1583804958991a6b3f9e55bebd60196f279743a05800c68069afa6a2dbe196ee62ec87b720c821b6308ec046c76de87075628e4e68c32ac898237df7de8192b73da9eceda4537ad5b0ac0e581a086d4ebfaa34f1ac45e671fd5fdbfc2b3352e3815b574b96dce60c548079110447ad41f4d49e21c04aadb281de14e68828e48f9daa95ca4c823d066a3f65742f71d4e5d1554092cc35f50d46a74deb5b76e864063bc48246d963613f3a86a15f177e28f17265f4f2cdc5afb3f7325c2b02f615aedc812a5510f9d24f9e7a0aa26b85ae169600481310675cc23d27da6b53da30cf6d986ac00f60dc7b26b1b6ee11a05114a26dff009f2f52f23efafd096053c6a041326348d34264ebb694d64bb68107b7f857a2764b80618db0ef695d9c12d98020366cbcfd14cf50c260f04cc48524eb324e8b3b09fcef57586e1810824073ce582fb378fcef5db0f856b684dbb4ce4389caae4658127baa4830c401e275e55a2c367b6731b0eca489536d984131dd9128de1ad69b0c9cf90704ecc147c1115240ce25b633e711d455a719c5b590b9111b33dd9cc72ecff6ef537116c2a0502003c847cea85c770a6e22a056233dc9cb3f4f991a81eff7108daa1ce5b5d955fa72e7f656ff006eba5ae2788604ae1d081b90491cb4d3d3512d7096b673dbb4e0e9a6572860090cac3506b516ad8f266132c8072c441214c454ce0e23864be0cfdee2f790e56b28a7a1620d73fd3577fb3b5fb5565c7adb93952d31959774525fa0556034ea79c5673f4010d9861ee02bb9417334c9d89d1b71efaa8e3b564cb353a2c938c5f630b6adb1e81893ec15d2f711c4a096b2804c49cc04f4dea7707b77320f296f2bab3296c99738c8d076135278907169b25bcee5c65057300488cc474027eca8daf7517bbe1b33e78dddfa167f68fe34dfa66efd0b3ed3f8d40c4700b97092d61c9620e671733fce064ae8bbe9e156bc13097903dbb969f2049b6cebde5e454b7db1ec8ab963a56888e5b74c26c562c024d8410093a368073dea27e98bbf42cfb4ff00bab5771482e7216195f40356d7cd1e276ac6e2b87e22eb677b17a6068aa5540dc003944c7a66a631b2a53a34ebc4d4e831235d3dbfab477d98096b90149cd204464699eeed5967c548c3ae678288d1a413f0861afe76ad3710f93b9fadfbad55254283b4f81c714b7fde47e7f5689788a1db123ecfc2b16f885f84e284377531dcc4688098d3c74a9bc37147e0c9bc6745d4f2361db5d35d6ab6fd48ddf4358cccc862e139949074e9f56b99e256d495f848041223c675f9bd6b9f0a7cd62d3124cdb993bec77acd7186418ab60ab124a441dbf9cbf87df53156cb93a499a9fd2d6ffbd0fcfead76b18a170164bc580306391f6562ed85373150ac3b98af9c359b801f9be1577d930059bb13f2dccceb913c05392a576284add5169731896ce5b97f2b6a759db3346cbe0687f4b5ad3f9cef11a36b3b7cdaa5ed91000904f79f631fd5dcf0355e91f08c2f71b6c0f3db431f3758f57aa88c6d76272a7d1b3c36296e0056e6701c89d74391f4d40a876714b6ed23dcbc514a201bc0307a2e95c3b31f26da11f1d737fab73c055776a44f0b70519fe207757ce3de5d0687dc6892e9045f92e1b8dd88938a31a8d9a34dfe6f2a8576f235eb1745c24194cd0d20e4302089d738e5cebcf389d9070c83c85d3f1fc4b4075d6da6be66cdcbefaf40c3da1168e56d2ed9313ae984b31cbaa81ea3b7236d790dc4ae3a87c8be6b8d0ba9e7e8d00d75af3bc50432738d37eeedcb5d2b698fe39df7b7e4c775d438933d743b7beb0497ec32620fc194047198673df6175c026763994981f4a9422dae4a9ca9f06c3b356ed14d60850b03604b0cc5881d49ad03792223228f4687ecaf2c6c43a2dbb9609b64d9b6d9241428468a01dc88dfefae87b458bd17493b42eb5e1eb345a99667284e978e6a8c612c18e2e338db76eeaeecd0715bc11d92661a26b3388b08b71c06014346c3bb3b29f1e551310f783677900067209d48552ed13cc806a6e29ad22dcf8a0df1b6c34b79ccf91834f51987ac57af820f6adced9cba38286e947a6faf63be1991489b9ca741ac44c8006a201adf7665cf912b9dfb849d09db43b0dcefe9af3e7bb686216d2d959f26b96e4ea1725c8006db291bfce35afe118b7b77041d3491d44fbeb6947c23d08cbcb24f0be2766d5b76b974a0255a7bd1055541240d249035e66ac6ef693061431c5c2926092e01c8c03c123e6f3e958be269382b8a2dbb4dbc3e8a75d2ed93d0f49db91daaa38b61cfc12c8f2174e98fd01d466bc9bf739ee3efa6e3c92a5c1eb85f32670ee431112586cd1aab7a2ba62f1496e03332cb5c8cb9a4e5624f9bd06b40df26be91fbd557da1bac2fe1d42b9ccb8e92a480b16d88cd0399dbc69455a6873754c96dc62c05cc6eb859024e7893b09f1a9186be97145c4b8ecb1a1ef6a0e520893a883bd79f25e76c219b577fa461e54b313ae1989e5a804ebca6b6bd9e3fccacf74afc4dbee9dd7b89a19e6289c695863936e99db15c46cda7f26f758369a77b5cde6c6bceb81e3b85961e59a543961aca84f3c9d740bcfa550f69c9f87a45b66d70da8cd1e79e8234deab6da937f15365fccc789ef77a472d3e772a6a3c12e4ecdc5bc55bb8722bbc9507668820b0933a4807d869f1988b76d45cb8ee066c8353ab11239f8553764d98e7cc857bb87de759c3331f61635dbb5b3e412149fe749b4ed95f5d2a6be2a3452f86cec78e61465f8c7ef00577ef02d9411aea274f4d12717b0ce516e39619a5406919480d22748913d2b1589cc4e17e28ff0047b44eada1f859d37f5d5af0907e197fe2e3bf8bef499f9448dcf3fba9b890a4cd63aaa2b16760143313262149279d41c3f17b2e094371c0304af2300c1ef6f041f5d4be2df237f49f89bba75eeb6959cec529f2376532fc778ebf156b5f3bd5eaa98ab2e4e88e787df9c37c63776da2b779753f09cdaf7f5d0c693bfaab558e128e34d7346a3a1154a7b5783112c34d07707775427eaea7daa7a098d7fb6b84d72876d79880649f1f47b7d344a716445a49f245b981bab7b14f9db2b262f2f7934371004819e67431a0f5565bf4de211420b910cadaeb2ca9906a751a4e9d4cd5ff0010edb25cb6f6fc8942c2330327aee04eba09f1ac562a379198cc2906409df28d0f2d771e35339dd519334fd9eed86256e5ab2c3ca237702f773853cc30e6019ef13311335a4c7e10dcbf6ef0bf9162d90b07502f3bed235234db9561bb33712de2ed67235cc274249dc4733a8e5d4c6f5eb897adc087481b6da5383ae4d229c919c4c0657c466c41ef5bc49f9ddc53724b73f376ab6ece614dbb7754dccf3789075ee8c89ddd7dba75a9ed8a5dc0cfa1f354199f4f2a66c61cbf24e3f5547b8d549da2a31a7657f68f0ab700cd7028ccc079fa929734ee8e849f55559c00372c5c4723c99c31d331ceb68680c9eee69d499239cd68cf101f41b79d554fdf55af725b90d7ff007a72a972a5c14a17d9dbb28b1677249bae4cefaa391b13c88aaded23a370b7049005a00903510ebb491efab5ecc5ccd6ce8445c61a889f8b6d478579e63719c57335bb76ef0b658e4288408568073a8cc0181e077ab93e133357d11b8c2a7c16d8ced1e5b896ca0ef69334cbf29d3eeaf46c25bee26ff2b87234e987c38ebb69efac8e1b8cf1b428a70eee17469b7a38d258b950660ee3e8ea3aec6f62ae5bc2b5c939c21b87349cad935589d146a23952de8a8c1b2b3b456a2e31fa4c87ee3eefb6b0986bd953152f32e1418739735eb8a39686481a74e715a7c6f69d7121145a3986b7194828a4c693cf6db5de833d9123c9bc1209d34241241f3ba93edaa8be3914f97c195e237585bb681892f8343a024b1551064ebb99daad3048d76d25c81a46ea54e6f35b4e9bebceae6d5f53ba410a40206daf87aa99314190c8fc6b9726452f078baacd927f0ec69a33dc7f0ee8a59f2f791d17426335b72483220c0e9d6a1bddcf62e3e6cbfce2dac80479a51637f0ad7f964651e50488320ed1d223c4d40b4b621916cc2972c40100b7760ea46b33ecad71644be137d266952838bb2a05c0d8bb643341b2842c1035b7775827f302b4f6eeaa34b301a0dc81bb0eb55c6ed89ce2d10c1615a1740010068dd09f6d64311846c4e315ee0952406424caac46844489d748deb7747a514e8d9f11b01ec7936061eddb1a100f71edbf43f47eef1a837f8725eb2b65430645c499675553e59d5cc9084888e9edab4c70eea983dd802276d0491cf4a93d9bbbe4efa31240d46c7424472a994bd86a3ee6dee24201d08fdeaace3d836b976cb0f98b8df9d97cf42834ca67523a46fad58bde5200933239113ad49bb7028d5a25ae75fa67a528be1b1b4ed2324bc154e11adf935967b6c7be375422672e8797a2af78361bc9e12d5bdb2dab6a35cda0441e773db7a96314bfda7be91c4246b7167c4d294935438c1a7664bb49c26e5cc7adc5b79941c319f296d744762c72b09d3ede555d6f83dc5bd882d6ca0b8318aa7ca5b604dd30a611494077d76e84d7a01c4a72b83db5131f794a01e501d7af406873a4250b654f66f0ab698a7364b0399d6dd836ceb940dc7afa0da8bb5b84b972cdb5b76cb918a47215954850ad2d2db813b6f5270377e316741aea4eda1f6d5a6703e78de77a49dbb65b54a91e74dc1b113851f0572130d6158f944eeb2e28bb29d35217bd234234dead384f0fb898cbced65d519b1643b329539eea158004f78491ae91ad6c737f8e818ff8a6a9caccf6511b8aae6b37d402c5acdd000dd8956000f1359eec6e09d2d5d0f69ed937a407dc8f256848eeeda47a41ad4861bcf23c8cef43987d2fb0d24e8a6acf2d4e0370082ca2483e02041811a4fe62b99ece369fce10784489d20ea77dfda3a6bdc510149638a16c5ec32700b4043623af324ea2371cf7f6d13f06c293debcc760606f1eaa70b4e328650d2031d343ac024c1037d0d3d911a859df0782c25b1dc2e4c8331acf2324cd5b7e98ff00f25e3fac05545cc5594eedb05db49206600738d879b3a9d8c6f06ab2de348924170180220aeb1a0f09d4c7e14ad5d22f6a5e4d39e2f3f3ae1f4dc34f6788b960b6d5b313a45c613f68acb0c412756d413aae9cf49e440d62a5d9bfb10c4f8cc7baa2591232734b835188e218bb719d82cec1ae2b1e93049d2a3af1fc466cbe5563305240481d750236aa16c49273449e679efd4eb4e6fc8999a8f598bd45ec6f70dc62ddb586baaf04996b8bf44ac0006dacd67b19c66e0b86ddbb8d914280c1d886d06d10001b47855117d2966e7b7b3f22a7d561ea7b22d2e718be07ca39f4331fbf5a838dc7e26e0286e385610c049d08d67c396f5c16e6b1cfeeae8ce391a3d57ec1ea32adf061442b380392ab0143832439efb9e4434fdf560d7a3afae859c1dc9ebd694b2b69a2a135b9365b70f35796ce959bc1e2ad8ddbec3f855ba711b407ca0f61fc2b9a99dbbe0fca39e3f6ace629a0cd5c6371d6ce81a7d00d535d7563551ec9964825d95638749d6e90627520687d734030b6877c5f98d88dfd46ae1001a0407c635f5f5a6f2c734645f60aeaf5d9c5ea2f62323965ce318c4750db11d63635293cb85ceb8b7903341b9c8189d18c72aea2e2c6a167d463eca5dc2642a13d617eda6b50c37af6341d98e2f79dd52f5c663a91370eb1b02350c3f3ad68f1789f2a06472a159cca3eed9a60f779115e7845b3ba27ec026ba5bbc07755604cc2f744fa07be93ccfc0d4e3e51a7c362b16e8acb881a8075c846bcb6ae38de2f8ab4c035c469ff000a1e71af76b3d87616c116d0a8dcc1313d77a1771989171f5de0e87d30275ebbe94d65e791a92f25e0ed35ee6a87d28b48f695cf9d6edb01cb291ee359a7bce1a16fcea5f234ed24182bb2ebbc188a3bb8f868c841d04365cb3aec4facc6a76db5ada2d4ba3454fa6693f9463fb04f6b7e3463b436f9e1d47a18d64db199b37c5e524e8019204088d76d18ea7c2badbb8ac72ec606f201ee0631bc73dfd155b514b1b6b87fc9aa5ed05ae769c7d5b9fc053fe9eb5d2e0fd607efaccb5b8f5edd08f0ae794f5a5b510ed70cd7a71bb1f4ee2fa81fbe8ff4cdafef2ffb1fc2b1bad0eb46d44db242a5745415cd4d186a0ba1ddd6da3398311009ca198ce559f48aaf4e26e6e7c732ca8600001584930073d0a47a14ed126f304ca732b684c15312244c83e991eca8bc4782f95b82e6ab95d1ee29ef5b70ba10635591a1d0f58a4f9e03738f4caefd26b6d119d0a072c0215ee902248d0663aa80483f3b9572ba6e055cea37072ecca756ee95dcea7aefad4ae301cdb0cf6c67468cfdc64c9b77341e4f4d7610c6a3615cbe5cd6c0172329325865d5b7ea222236e746c7568d609cdbe480ae18465852c1448215e2336522331f19e7bd4ce1f84b9709413000895cbb999006806ba4e9e6f854ae376c976b5e4c144821b36aaa72a1583a930cac58eba88deb95a4b86d336536ad942092f01ae070141132e482c32f51ccd251b464e1526bface9730c54b893dd3a1041e43974e707586e55005db86028cc4ebe81cf5eba472d6ba5db770a011f320a889da4660bbc87ffa4f234b017df651081b4248d4413a7a34d07d1806a6718a4bf9078e32928d50f6aedc68cc841d0e8796bbc81c81f651adf90329264ee3dffc69ecba35bf282dc09206e1fae91e93a7227d751931ae1bc9eb96641206ac5a584aefa2f3893150f1c5ba5d0b261516959359c942c7692099d74898e95cc095cc04890227af81df97b6bb60b8a2cc329412d2225a32a8424181394b69a019b798a57d7ca066b7663c99cc58989d010bb0e4091e24d278d5d2339415f035e0174da343b1df5f77aeb9162674db98e9d6b8ae34bea7553b051006c3527593975f5d58d84b972da5c90b01a48900f7444ceba1dbaced572c2aefa45c7129be00c05b3709456599d8fd182493d3603d74b11994952b9488fb62227acd5670ee2a2d33169cca4290224321f9c48d4852dd753100d76c4e28bde52644dc606086332c4741a683d0a6a3d1a742f4d5d792536bf449e93b0eb1e904784505cca5c24c3c9240235f47e6228310c81951446a146bb68588ef19e4cde3ec34c1ed3db765587cd7334968055642e9a15201da7513531c6b7521fa6adaf63aabe8604c6fb7589a2b2a580655d006933b47af5e5edaad3c47b85565898cb0328cb1a289d41d06fcf95747c6ab5b2a172c920f4004e8083a9d01275e55ac30ab77d094229f2755776f36d96dcf9a60002492c7480054b4412332b8cc1632e581e7662c0f2d34f4f8556e1f88bf76da939013c88605b71af5d3d5a6a0d4dc79b8592e87c88b9b380659a6595a3404b473e747a518af8bbf0563c49a6d922c63b0e6e365ba827e2f23aec0ec7302431194491e26b8ddb0d94dc5248d3bbbc46877d773e811e355589e1e99c14cc4f78f2dc104c82201968891a13d2bbe192e2db170024dcb84b3cea00046561a13263c47af57151db546aa3156ab95c93170ece005686804c1985ea3711b6fe3315c7058950cc97189000d763b661a11ab4188de4c03d5ad5d750f719f20e6a673309272ea0b283e1bfaaacdd45c637edb296742c6dcc9199823124e8416d3606b5863456da8f1d3f05697b70cc2e0ccac3400139581cc85a348d8ac93b73a82978b3e4ce1482a33004951a6aa3591a73ea7d15df118e47b65514164603ba44162bbcf361c8ebb4ee0d4b6b5845680e1ddade704779012a2275900670235e5a4d5fa4d7d8c1abe17444bd6afa5b0ca18aa995799ce842bcf3035603c72f850e1b0acd2557312b30010504f7808d750d027681bc1ab75e236dae39850c8aed00ac37701451c899cdaf43503b3f99dc80c4aa8812354997532dce403acfdd49dc5bbed1ac629cd453ec948acaeb1055c436e368cb7003b6a61bdb3a889054f31ad13e02ef94f2a0c055002c1caf94662d2088d7aefcf91a57373e9de931e7945c9a5e38391a6f6574614348c031bd1ad2a548b0eb4782f35beafe14a95492fa22627cd1f5d7deb553c7be570dfe62fba9a95691e8db4ff0037f7dc8bda3ff98fff006d3ffe6b551d76c3fa3ffb16952a1fca44fe7201d87a4fb929f05e68faa3fed8a54ab1c9d3345f988b2c77f443f5dfdf59de11bb7d77fdf14a9538fc81abf9e249c4fca3ff00987dcd56d80fe8f7bebdaffe74f4ab45f2231ff229f19e75cfac9efb756abfd153eb3fef52a544ff002cbd376fec67b0ff003bfcefbdea770cf393eb8fdcbd4a952ff163c5f9883b9f3fd23f7c5716f3d3eab7bcd3d2acd7644be76714dd7f3f469b13f27faa9ef34a957443afefb92fb158f33f513f716b40ff0021fa83feeb52a5519fe637d3792270ff00937f43fbd2ad313f24df5d7dd4a9563e5971f965f621627e52eff9d73df6ea2709f953fe43feeb52a55d8fbfd3fe982ec8187f931fe527fdb355d82f35bfca3fbd6a952ab5e0cc3e07e6b7d57f7d6efb37fd193d2d4a956397c8a1f322f3897f47f52fb85675b6a7a55087e5814269e9500cffd9, 'paperino');

-- --------------------------------------------------------

--
-- Struttura della tabella `utente`
--

CREATE TABLE `utente` (
  `user` varchar(15) NOT NULL,
  `email` varchar(30) NOT NULL,
  `password` varchar(60) CHARACTER SET utf8mb4 COLLATE utf8mb4_0900_ai_ci NOT NULL,
  `bio` varchar(100) DEFAULT NULL,
  `Pro_pic` longblob
) ENGINE=InnoDB DEFAULT CHARSET=utf8mb4 COLLATE=utf8mb4_0900_ai_ci;

--
-- Dump dei dati per la tabella `utente`
--

INSERT INTO `utente` (`user`, `email`, `password`, `bio`, `Pro_pic`) VALUES
('Marinaio7mari', 'lupodimare@gmail.com', '$2y$10$KTN5TCyDu3yDzVS6Wmr4A.5JdnM4UYkWuYYweF423szxFDwfeUN.6', NULL, 0xffd8ffe000104a46494600010100000100010000ffdb0084000a070815151417151515181817191a191e1c1a181c1c20201d1c19201d1d1d211e1e21202c23202129211d1a243625292d2f3335331922383e38333d2c32332f010b0b0b0f0e0f191112192f202020323232323232322f32322f3232323232323232323232322f323232322f3d2f32323232322f3d323d3232323232322f32323dffc000110800e100e103012200021101031101ffc4001b00000203010101000000000000000000000405020306000107ffc4004810000201020403050505050409030500000102110321000412310541511322617181063291a1f02342b1c1d152627282e114155392072433436393c2d2f11673f23483a2a3e2ffc400160101010100000000000000000000000000000102ffc4001a110101010101010100000000000000000000110121413112ffda000c03010002110311003f00f90e2ca63108c59441be22a0712e98f42df130b80952e5e58369effd30252183b2abde1e7f85f003e6a75df1519e5d70767e9cb0189e572a58c0bfe11d7010a0a0f22706ae5c8b952de1ac2c799d27e0062ea3429ab00ad73ef3721e5d2dd6f8b9343b2289d204c83236e7cc993b7eb68a00d5aba47674f45cc1b308bcf7849316fd31e64b2c19882dadc4df51102d326df97961e25444b76910c04c753623cedf0c559cce236bd226c6189ef122f17bf436188b142f674c34ea62221508014f52645f7b0d82e2a19e4130ceb3cbb800d899d201f0924f2c07600481b1163ef9112041f21821575422801520493732794d85d8dcf403162553573530a29ab4fde56d460781e7e138ea1503c853b1f76faa4daf306663947c317a28d32c434313132b300c0205c9122d180b3ca8411bb4da08eec9df55ceff000c50576444172547c3941e666791f0c0acc1545fbd0445a48f908b0f86014ccb060ac41e8d6bf3b9e78f1b3f3a944475bedcff00f3036c4882a8e7985844c0895ef73b4c8c45b3418f7e96a3b0b107c6f323fae2ccbf0c046a665a7b46b3733e02f163b7861853a294c801e9eb6e47503b458301f2eb8aa539acaa69ee92a7a35c1f2236c0268b2b152083f5cf0e38967996c4151b6d6f4fc7f3c0d4ab86b3415dee6e3c4608133276b60324fe186f9fc995822ebd7cf00b53b1c00a710d3820a1c5518a8baa2f77039c1350cae2823015e3b12c7602f9b62ccbb5ed8e8b6234ac41c455b5922fcb15cce09cd116c0e17c7016a2f3f0c1d951127a5bfcd381a80b460fa600007523e589aaaeab12c36e98659406a453a40b39361b4c09924dbe3616f23555cac233ed1d7e7eb16f5c687d87ca254240653a86a75993a12c352c480ce41dee14820f21029e00217b374aafa96110386209962acd53ee00c492a45b613858a0062b7892a648910c54cf8c5a26d36eb8fa727102a955346aab976a74e6a10aaecea087d4012aba0ea3036040c7caf8c7125ed4310a18d3a6efa762eea1cc4f2ef881e1e78653573200839117205987bd0b7b922c7f5c45b20582e9861aa7501de01b79117de62679615ff7aac34933689bc19e5336fd706657da14163693723623cbcef8a51e9c3e0f4551a65996f6620a8dafbded3cb738a42b5324303373dfb0313a76279cdc0e42d822bf1dcbb01a4106f326de060738bdaf6df9e076e228cd24d85c05ebf77f13805b9dd5c893001988d279ec2d73f2e5ce8a3c3aa12345c931620cf999f2c3ecb55a2565809168b19279d8798dc9ea7062712400c2c28830a46f1c80b73bda27c712909aaf05ab52c42a05b92c486f1317263c7a1be0cca702442658b30996555027a024b5fd379c5afc43512679811d679f8088f878e28ad59bb42c002c1488137b6d13004f289dfcb157e20f28bdc55022588924800ee664811cc9db03e71011b485b1d464db78e51b78e2da95d92c201d4d0091045a4833e57f89e78b06683a00e46b6075c0160a4dee39c9da08f4c10b739950e01a649893a181dbaaf33fc37e7ea30a6ad014acf81917dae6083d460dcce4995bece0b0932a4cdae09e5b6c3158c933b1742a18ea2d4ec2793699b4cfdd3cc608ecb398d248653ba933f0e730303e732a56e2ea4d8f4f03e382b239602a7da2843780d0267f885faed83eaa112180d26d24c923f8a237f81f4c0666a29c52a97c32cd512a483e9e58174c5f9e03d7a7006077183abfba300b8c05718ec7ba71ee2a2c47c7b3b41c54063d276c4045438e5407cf17544b0c574c460abf2cbc8e18526da3ae1750249c33cb24fa4e0a138c679d9fb241b1bc733cfe18dbff00a3fe26d4f2fd9ad2ed2a8a8c4a82aa590681219ac48675500e3154069a952a3f3a84491360c098ea60edd3041d2eb23b55701634104cac0b77c378c10624c180060365c6f8e306a956a9ecaa380b4e8d360ce8a50455a9b8676a6c515458127f788c7ff733d421d925aa336c4448be804cec08b18db722f8b327c3dc37fb26239b57d4a7e242e93d0a9e5bc618e5730c8cd02805de5aa65c007c57b4507a49b99bce200a87043a19a114052c4904401c8874413e2095bcce24becebb180a8d31b19307623ecccf3d872c1c739264e668cde0eba72a0deccb7039e916116c17c3f33984484a996a80ced52919bde035400ef3313270e9c2da9ecaa9524aaadc00412093d34e90c5adb69fd70a7887b30f4fdd798fda52b1ca0936066d063a634d99a958406a0ccb6b32d423a0d4c8343016304c8e4c31750cd52a9dc62c8c245e5982833a5154c69b44160406f83a47cf2a656b2c18262fddbc4f973c429e79d7a4f5e60e3e9af4db4baaa217b00183546b93a1975d5865bfb87bca7f6861357e06ae023a0ed5477d6088813aac6c18888858d8c58e148c8a7113336dede13d3051ce824303de11f8f8cdfd2df08635fd96424e8aaa044a92f4e1bc86bd400e7a80239e16e73d9acc53be90c05e524dad712048bee241e58bc4e8c4727bdaf5289b036b9d5781b7f5f0c730025e618cccc126411246f17e5d2fb61076ceb63f5f5f960ba1c460104033d7d39ccf2c207596ae54a9d248064950626e166fca6fbe0f5a14dd8e8260f511dd3007280648822709685742be27a9893cba6d276c174f32c88a0188373c8cdc75b488e7303cb05cd3705d0e90e34dfbac2605b7dee4cda6f184352559dc2f757dfa6a0a8fe351c87588de70d68660c893a2019513046ab78da7940dc73c599155ed012d2648b8e5cee01df6b8dad6c0d2b8ed91a4194363ca3c7f5c28ac90608208e471a1a744a39d0bad041d3a8295044c09b11079911b607cfe4c3cb28218472dc5b7f1beff0038230216d74b0c015163e586d5d0e95b73c2da8986207c762ed18ec00ed8f062c18832e0865517b8303c45a670485ee0c0ec2ff0c15765f7c34ca6f85f964c3cc8658012cea823de623cac39fe189ab81736511c6da8dc0d25dcff000a480a3c5a6778c154c6688ee52a807fc4761ffeb4d2a3e183e9e768529ecef3bb41927c4ee7e31d062dfef8a440b799e9f3bce2552dcb65733aa4760b7b91450df95c8bf9f8618d1a79d500ff0069a6354cfd953303911024e0acaf11a4b27b2a8c4f9475ea4fae0dcbf1d46955a3dd0a0fbdb022dc8fd0f4c0e11ae5f380905683dafae8209044dc25c4fa63c4ca961a9f87e55ba9467424ed30410379f863423da1526051b120496dc1de44790ebf8e23ff00a806a0868e963c81b92079f41bf86f804396c9656943b65f309027fd5f30afa77f7a0a3062072e439e2352b830abc45a3953cf512d07720b3ab28ff372f1b3badc6293eafb2204dc1117f58e44edbc88c0ef9d42aa21d56c54dbc4c093b6db7227d5480ea0cd2ac9a342ba9105b2d55b6224ca166a5ca234605a1c66992b4c8ccd3790a031d483604182236f782d89f28b0e5e8d471dd08c2e5d06820f525409b6fe9b49c1659d274e66a148822bd3a75644c44c83e1ef7e3809d3e26ae4765516b160034b4bb6f1bb2d51a66cca018e71031ed0ad4915e9b51a94f54b1432ea1afa98c4b6b26406d02c4586e1266682b1fb4cad171beaa4cd4d9bd18900f863da39d546012a541661d96725924ec69b29588b5a71a435cca65eb295665a8dff00135a6db91abdc783de0146b804696b1cff001ce034eed491a9111a91896523695b6a5120c879604de36c14739fe365cb6e4d4cbbdae6ff0066d201317d254efe38b72b9b566ff57ac8005808fdd61fcadc80fd861b607d63b3592a9489d68c0068920e92626cdb191711c8ce3da59f616271aeaf98d5f679849a7700d3054203320283ee8275477b499224120e6f3fc31477a8b6a502f24022f1d7cadb82704134f8886581ef46c49b8f3fad87ab6e14f0fda6b1017bd06c4f207d67e38c5191e18ba9e65808d47e3d70853eaf9e1da1656044fc0011e5cb07d0cd4a9f0dad23adc18917e518cdd07000f4b1c5bdb9116b8ebf5be2429d6607689dd582a6481b473d27c3a1008f1c25a8b83b2fc408320c4781bc72c799d4061d442b5e3f65b723cb98f3f0c55d2a8c762fd38ec103017f5c730f0c5ae209ea3c37c40b72fae7802d1fb9f0c4f2740bb4004e26c914e3ac5f013f10712884a274162de2c7993f0e58072326c37744dbde201fcf16265e958be65447afe631957aa4927afafe388eb3ff008c215b5a0993176ccada6c3ebea70ca8e6f87a2e91986124dd47217e43e78c06569b36db9b0fcff2c10b93760449b11f9f2f86116b7c99be1dbf6cf7f023c27ddf5c109c4387ad9730d31b156f2db4dfe7be3e749c38cded3b4609a1c21ae7e07a45e71262e6ebe83fde7c3bde39904db70dcbf9062c5e27c3a0c6684ff30f2e58f9ebf09b9b9906ff00d70156ca91ce7f1b7cf098975f48ad9de1ee349cc29f426feab8a2a55c8f2ac2c4c774dbe2b6c7cc6a033117e9b9c7b4a996dcdb6bcfc30fc95f4b6cc65581073480308d8de391f0c5159f2e207f6aa56e506761e918c32f0f33bc8e771b7e78f0f0f6dafe1842b62f56911ffd4d31e0755fe43141af48291dbd2226debbf81c65bfbb88ebf0c5899420ed239883f96d8429c365e86e95a9ab7fc37d37fe18823d302e6eaae9977a7563d1bce5627d70565f8451a8b6d68d00c960560ed22363d750f5db16e5f80e5d5bedcd44e9ee81f16ee9f2d4beb80599be2740d245a54ea255121985562a768686120efb18c5545cb01de1ae2e1e013e44d9a7cfd306e638352a95f45170418900303e3008eef94917b1d862e395a14e51dea30e4ae10c47ef093e9031509b31489eeb0b8da4430f0e84616d442a608838d464b2a2a1ece8bb319f73433a81e6634fc460ecff00b0f99285d69b181e7e36bcc785f0a461c1c5d4ab41be3dad9564241171b8e63cc6e3d4607c5432a3540befe186d4595d0898205bd3978ff53eb990c461970bae754781fc3fae26aae918ec5dd88c76000a89def3c41d21fd707e6e9dc604aa65b6bda3e0300c2a55d54c795fd300d2a2ac7bc270c68a4d2bc4efe38151082796026bc3a993eeb0f337c154781506305dd7f997f35c4328b2c0131e230d1f2c877988bc6f7f1c1613e768d342ab44b1d3a8966e64f8c0e982b25598eea04093e3e58bb3190a210bb130b732013d39006663e380076402694a815ee19dd107313170363881b65dd5c319b03bfc2df3c5c06852e412a2430b488d8fc0dc74c2fcad741502249da406575b889041f2c3f5a2554998f31fd710c23afa6a0602a00a458cdc1b5bac58e044f6759877498dee3f4fcf07e62912dbadba47e1185b9aaace183bb766b61a49ef9e4236b732671a34c697b3ea2d2a7c247d1c5b5b816d303c861654c9a3ad1ecd42ba2c309906e581f74de4c411d30eb23eced761acd67563c81d33e4804478981886076c919506fbf21e1e1e7f0c31cb703a952c8a5bc81b1f51186f96e1f5a853d5514561d69150c2f69050a93ebe986790e2351c01d954206caa20b1fdf681f000622c23cbfb2159efa401cf51023cf0cf27ec36b1de711fba3f0277c3babc5aa0856cb8063baa59154742c35163f0c5ad9ea84072505c48524f9dec3d2f88b08335ecc7f66ef2ea65bc19dbaf411d41c2ccd6529a804b14117565d483ca4eba7d6208e9be367c473bf66b23981e5263d7cbc319aaf4accaaca402ca85ae118df435bfd93a9537b0df753218eadc229b3cad4a4809bcb35bd05fd312a5ecda55a9a3b42f3fef3ee859fba799dec76f18c32cff000e14d83766e158025900685bfbcb3100ca98882bbed8b5f888a745c86ee05014027de636116224f511bdce2d489d5e314f25feaf91456a8bef5468241eb1ccf8e0ce1f9be2cea6a6a765dfa7940b623ec4709c8d44354d4ed2b13255840527c39fe18dda08a656010639f4e9f2c060f8ef0e4cfd17a8a9a337484b46ee06f3faf963e5d5920c3403d46c71f6b2c29e612a418605580e720c7cc0c7cbfda2c869aae544a97603c89303f4f2c5c4dc25cbe519cf80e7cbc30db2190d00cdc917f2c19407729a0d957a733a7ebd704d34fafaf4c5a9037607a7e18ec17d89e98f71067b32e5a3a0fc703beff0c155880a0f5ffc6067337c50e322476467a6007ab7f9e08cbb4523e38015a4e018e5ea00461ad3aba86fbe11a3df07d07be0a60207748054820f91fa0701e6f2c157496d4b4c9d0260857b81a8413fd317a5c5beb7c09c4aa10cb0013a17def2516fae78827ecee43b4af213490a4d8b44d84993e24e3799ce07569a098691f77c709ffd1e6599999dc6ec00e8237c7d1f8ab80c00da2f1b5872c45c7cb339932ca5008d5373f57c277c8300a806a8900f81c7d932d4a8337da5246b6ec3fa6239dcb6569b5a921046eaa2c6f82c7cdf8765994024180045be7d231ade1549dbdca4aeac20b330d40f8893b7203c30db39934d3aba05b002e4ef13bf2c034dd51d54a4490da91af1eeadbaea89df00da8510e03d4a82a0403ecc880adcf5aeebea08fc8f3974680d4e9c45acac3d2c3e5858f58fbc0ea3f76a2c060af2da6a0d8ac93136e8462438895b9f7a0080373e037f962602df87d35e50c7f65dc401b902703d5c8a9360c4fef3b72eb071ea665c8db5312666d63bc6073c4183852874f412093e123e53b8c05d98ca5334c82360490a64dbd4c7c7194cdd434c0668ed0cb69dc047a8b4c29ea748a86f3ef7a635b9acc8081c02a0acf7810bb11ebcede03194e2b569a547a9566c2480448508cb122d2497863a40306fa6f4059ecb269a54d75476b54af788614ea01505f7900883d00c0bc4bd8a7ed1297680f6aba892092bd991aa40f31cc0df0c3d9aa46bd66ab5cca86d52b204a06d6167ee8d6aaa798a7e18d4d5a3db39ad4c4766da6419326757a7ddbfece08f9c0e0b5b235d030055c1d1514f75c0fc0f81fc2f8dc35564a4858c92bd63733f90ff002e1af19a5dbad3a6c06a583b6d6b9c23a74057cc964bd2a562d7ef113b723e782abf688767935ae490cab61d66c075bc8f8e31494bb435283b77b51599d9a75023c092c47f14e23fe903da07ad5452530949ae47ed6c27cbf1c5b94a7feb01ed1a6939e8032d317f28bf99c109fb57a6dd99952a4804dc77af0606d7b1d8e0b5ae4027c04dc787316c32f69b2a52bb29595284952099d0e558a91704183027de900df0af8757a6d3dad39b105834ae86046a91716313cac6d071510eddbc31d8d0e9a5fe127fcd4ffb31ee0b187acc34ac7d5f152ec3ccfcf1e20b0f5fcb1e2ae2b2674a8fd9b4729c2d45be345c3a88ecdaf333f8610a90091e380229a75e938b92a6961231d963bfa6dbe2355b946018659a679e259a8ed0489b28f281be03a1312317d7ac35072371f316fd3115f4ef6432ea16988e7247ebea70eb8b5100c8db9013e16faeb845c0b394d428d5c81178838b7da0f6929531a99f6ebb127eb9632d2e1323f3e7e185d9cae4e810036bf11b58f9e1770cf6ea8bb6903f1f94e1ce7c8a94bb5dd838889889f86dcf1432e1d5348d24cf49bf8d8796279ce1b4dfbcd20f744ed607978eff004719fca710530abbf33f3e5cf6eb87f4b31dd9e66c2627c4c6f805798cbb536525e029dc6f1e5b6e66fb4e3969dc12c48067535ec7900008c555e8b04d7da489244df4c933008da2f383b20aba43b0061dee4f2552cb1c84c1f41e2701e3669a9ebecbde1110a2222c0999239c0f0c56d9da94877e0b983a66c2e22075bc7f2e266bcab69373a481102756e046d16e963e18cfbe60b514aae0c8aaf0b2659400495f223e5881cd1ce4d104f78686a856778022fbc481e42df786333fddaf529d56a90ccee4539beb60659d540973dcd2a36ee1880a012b275c12f459894ecb490041ee38313e201f862fe2798295298a600ecd75d4b4e9852cc4758d4a206da46daaf44fd9f6bb65e7bea9496675093a831916367736e830e78653a542a3fda3144dd1bc79db79f9e10fb1d990699ccd4310b50922360ff321594794e35d47374f5a9590af693b824888b7c7100d9eaf5ebae9a4a69299d6fd57a0e67fa614f1ecd8c9d014a9dea34aa83bb311cfc79e347ed0f1aa795a46a3b858e9bcf41d49e98f9715ab98ae7315bbad134e9cdd1480c1ba12641247ec916b0c5c07f0ee1945a95248d5daa3ebfbc4d97b461fbd269381d5187de386d4fd9b64ecd7482cf44a1659830a403e454a4791c27ad5cd17a450285a5529920c468a8adac7f99a07f08c6df29c4b5520acdf694df47205f50d4a41163371f1ea060327fe90cb76542a0201520ea23dded16d3fba6ea7c4ae3395b853a22661149568d5a1b4b234892ac240b9b8d8d88b3635dc6788d374aa874b2d2224581ecdc968fe546a7bf307a604f66388d2415293e834aa4911b4c6eb22e0886837170641624919afedb53f6b31ff00253f4c763e9bfdd195fda5f8ff00fd63dc08f85aa1b462d5a52a7e38a0938be89c69937e1c08523eaf845507788f1387dc35c191e184b5d22a1f3c05b4d88dbf4eb8b1f6c544f4e98923c88b6008cbb18c18a4680c4595d0fcc4fa73f4c0d46604dbfafd1c364cba9a75011a982ca89204f22c41122e4c1b40f1c170a78af1465aacc8e544da3c84e0ae0f9239ea84b337763513b0f29b49f8e0ecbfb294ea9003b339275312200512d6039587f13af802e729c1fb0002960a8ca58002675ea20004c9029b9266c114739c4a4167d96c85142d48b354e64b6a33fba0695026dcf9ef18d1f0ae214e8a207582d11aa2f201fce368b6329ecfe4b5aaab91da5562358d81034695f003b46fe438baae714aa19101695db910c4c7f3282c3e3b5c46b0e3da7e0a54ff0069ca8d4a6f511778e6ca39f90f4c09c3b8887590491d6e7c8786f8f68f11ab49c53705605e6617fda0b9f3a6e27f84f3bcf2f4a93d5a8ac452ac0c86d234bed3da26c489f7879ded809e7eb36a55260383ddfde02409f0f038b78600a9018c81a80b10490c3bb37dba9e783686515ed5121c2dee4a5bef24f51b01d3c0e1670c6a7542a0521c531247233ad81f102d1ce5b01765aabb54695d2a81967a8240503c8017fce70bb3b6a3a4c42383a661b4c88b0db7f7ba58e0ccef0da94c9ecdc41e64ef6274904dc46823f51848d983d9d57810b564823dd0c69a990760a1dd84d8063cc6002e17982d5aa292203b6c2ea18c849e8c85c007626c77c1cccd57295eaaf7999551411a595ead36a6eac64cfdc604ee4c6e70a38c39195a2d4a50175ad558093da3e934d01dd86996039eb9fbad1a7e13a5902ba221a9487d9ee9d9d57d275a91057b47b0dd74af4c1157b3f92d3935a74e0b3900a89104c6b9522d234161cae76c28ce65f885276a7455aa2d330ae7dcd8b5e621a0491fae1ef0cab532e4b3a8655eeb9b96a6438084c004ae920c91221858ae926f11ccd4ab4ce5c380c597720492c03339e4ba8b1b6f3cc9009587cb354cc14a99d67a9ce9a27299ef05f08dc8e973b6275334b069168ab4ef4c373503bc87f96f1fc1160605cd66bfb154ab42954350a920d455040249245352fb5fdebfae1490b02a2b90e1bef2cb133bb124de7ccdf16326f9baaad4d54160560aecc0dc901c12260f39b4c460ec9711251e9b165015089dfecea2b012798511e6319fa7ed055a8a51aa6881ba0642639429d27d40c277cd3331efb1007300dbd6deb842b45c6738f549646ef280fa97de6d6175cf268d205ff66d85197ce82082029513204037004ac41b9e5a63e38864199bbcac14aec5a20df6b2f8ed04df1666dd08760b0485eeec6c46c7a58988dbae2a536ffd4157fc7a9f13ff007e3dc653b45fd8ff00f238ec214618d8f86249cc0fae78f6aa62ccba89f8e00fe176127c70bb38bdf246c4e1d65a92c2f91bf8138038952888feb801d0002e489e78ae8302c773e3b7cb9626c9dddbe58864c436de5806f91226e274f91bf978ef839f8a2aa0952c35f7c125562e1458dccc124f25005e4e149066d69ebe17b9c11989ec2a920725b75e67f940f89182b4bc23884ab82d0ad508d41486d0e0c69f0094cd41bcb051be16f10f69998d50a110846551f765de9d3655b7bba57578dfc7192a39ea8d0a9322394dc1d40f9c923cb04e678655662e58b311acb6d2cc6d039c96b1c4853ccf71e64aeed4db48153315100fba42d409e66555ba4b11d70a321c68e8ab4ddbbb516149fba4162b79e4587c3a48c3be11c11e9b2d7640cc2a590adcc412589f75492796d738d2ff00e9f1985652887baa890a013a0825fc220a88e51eab8464f8afb40d554baee2b37de27bb521d54daea4065e5029ac6e70c471a67d161da1d1a01b92cac1901e92ad529df9a0ea306f12ff00466da9fb0aa7b3754687bc1de0c6e07517ef1b1e794ca706a8a2aeb37a41b5a732b1116dc113b6da7ac0c3875f4e6e394dcd21a880fdc2ad620962003169d9585a409ea30a321c4d42d2addd59428c62ef52d32073b31ea431e98cc2b3b5224bb1a949a1b5efa011a5e63eeb34161c9d58c45dbe433242c47745657091705805651e1ad05f90633e337169cf10cf31d73d995570589932a6a3a8d4368b289fd961bed845c3dca1a950382015171a8307a74d1755c48258c817ee9e64626f49d1e88669ed69b53a865bba092a0acc400d7113ce6f184b92508c0bfb9569baba1267bafb981aa6418b4ede458569731c3e9bd0aad4d74a84a00206985d1105b669408e9d496bf7a16be10ccf4d1d6982887b07a25ac12a28290c04b2331aa84f78f7cb492b88f0f7a82af666a77437677136666ecdca91de4d500aeca62e09b32e1c052af510d32a95514bd20432d32ae0830c013a5d62660ab8302f806bc39d6a53a9503333a429ed17be608f7c8015ce8eec837372158b019be315fb23d9a983da1a4cc7765d2c501bda50280d6f777be1ad3a766456d35688ed2db54a6862a020db50b1611bc1805b0a789d06cc5346620d57a4cc40204689656f30fa54c6dda9c1586cfd1286019d0484bc82a6fa67cb6c78954951a6998ea791e809e56c5c85580113205db624002fd6230d917411a9756db8b5fc3d71a60857843bf78989de2c07c71eb70b5121033900123a8e76fadb1a4ce530a7bb259800018842790f2126222012676c554ab253534d3bc4c177812c7e660721236c4ab31570ae109500e502749a649befc830f8116dce0bcc70bca841510070049766029f9edadb6d82c753cf0352aed3c88267bcbe247e1f8f862fce64a9bf79a9a123a6a0481b5f96dbce2552ceda97ec8ff947feec7621fddd4bfc36ff003b63dc5480def738aa841623a82079c40c105413638f29269607c4cfa5ff002c5434a2fbf4123e181f34b23d47e78ae8d4899eb78faf2c475c88f1fc9b0578d758df145280fe18baea263c04fc2303148be01da505716f91dfebf2c09c55f4d13b02cc46ff0033e3007c4e3dca57200be0aab93673405312433da26fdd3b7400124f86c4900c0d3d8fe094c5206ae9ed1f535ffdda246b63e2a0a8f3aa05b4e1ff0010c8926c8174a39524cc331147bc0472a8e3c3b3316070af85e6cd25aaf518b80a69a971dd67a8dda0511ca13dd07dd693120e1ff0aa8e2a00c0f74abbb3ddb4a537201131aea55d67a41b753170c5c2034d048d54ea3418b4eaa64374d2dd9933b479e1564b8ab9a955b4914a1f49020280e226796804cf431bce01ccbb1aca9da16a60b9a97810d51d600fe20ddeea448ef001be7f87b540941601aa61c024e855656d36b82135b93d4f523050190e255aa693128ca58962442866bc9db51851ebe030ac5166ab4d961895aa1980203b05351a47ecb33848370570c38e574675cae58c96bb14b42a299781614e35695b6a20c48604b6afc234e5e9530a43bea5009b80ec644f823104f3d0dcb01f3ba2c5c0ac3ba693a87933dc6094d89dac657f941e4713545a559c2bfd9775f4b5c1a6da2a1504decaa60f22ad7bc163c63838152b41212aaf4beb15d53501bd91c988e5e181f3f4d69d72cdfecde88662440fb464a916b0224883eb627151a4cbf0d5745a80928e8c1587dced6a53ed18ded041a93ca79cce3b3dc34315a8742b6972c7655159ea224f48a9a37d853039e2599ca3a94cba1fb28762d2352d3934dd941fbbad86df714da45dc66428744a817ed815402618d766a8d4db711da0b13cea016d568ac470ce1956a3bd2aa8cb510cd3d64985752590b6c44412d372a77c37cc6751a2b5450c55a0b8255850a881430fddd45d5918180c0f212c188a3a5164e8ed08661dea949aa397a635087d3ae9b8132a64759a337c3a99aa8cba569b76aa01585a88a7b32b3cf55204a931753d49c11e0cd0a39876f7e69c23b6c0980359fbdab5adcf207a1c65fda1cfd2ed299cb3322b810bb0547dd4199b3290c391522f6c5fed057ec16a527ef051d9b2bccb049a6ade07498246c55391c63033310fef2acc9e60f881ccf51bf9e1986eb4242549574bcb1d46debe1cf13a08e0332b920ce83a49179b91d0403e3e98378355a75194d4ff007607762493b8d706089be92398f188fb427518a8da29816a6905a7796e43974f95c90aabaf7f483ab94bb7bc4fbc6019b9b01d078e39f2f98d82a8f551b781338adea051f6208248058ef1324cf2e96c0cdc3aab1d41882790bfcce3418507a9a74d40049066f6f3160716ab544008ef2f2d2ea679fba66d85c38466c5c7d7c26d89b70dcd0825011e63f037c405ff006fa9fb0dfe44ff00b71d8abb3cdff84ff1feb8ec4e05b450cc7588c58f4987d7f5c4755a314d5cc9889e9f2c68155285c41049fe9fae274560131cc6ff00cdfafcf10a449d064fadc49ffc60e7a442f29fd3ff0091c00c3bca7c09fafc3e388564818f55b48327a63d241e7f3c11497d2a391c6bb80a0ecc5470583480837602246c4c17ec924733e17ca544160379c6ab285c2d128a4847d0dd423aa911e3dcd5fc4b7c6570470bac2a664ebf70ba0a7a84062b503b902202e89f18d1d71a2e04352d4a96973548277229ae94f3d2818f98f0c2eccf077197d7481d54aa547006fda2d48507f695b495f2284ef896773f4e8a32931497bf29b90c5e9b5bc98120732dd30693cae495736ce48009aaeaab7eed2fb35240fdf1a801b92b0372255334b4b2756ad476ef8961f7da9b34220b428761b5e549370b80aa335347a8416aba115bc5e4234741df468171d99c0bc429356a748116d4a589b6ba8569a2f90fb4abe53e3821b7b25c39969f6b569840d0fa013adda7b8b518c13f760130a0030358c3dc8d73541a952e340602200a6e7b8a2def541627928881cc0ab500ca6969050207de41aa94e9131fba2a13fc982789f110698d2bdd67136dd108511e1a74fd6e52cac88b4fb6aa674a12da7ef317ed1114b73b26f68742620425af916aed15567bfa629fb81698352a45c406ec19751e6adb4c06dc6f320bc2ab381d918dc11510b13d0fb95577dca74188f091d9d7cb16ef29edf50bc292b515e6d04ea9f8db9c914f1aa6ce810ea0a8c8da85b5ae971500009222a816bc96511070c73894f374c3a92610b08175302bd37936eeb1db63da461653addbd37d60286770affb0ca044f4bb5a372cbcf0e69545a34eac3296d4c8a3f85554cc725644b5f7c4509c796a660d2a880a1853f7609d6a35b161a55d61afcbb4046d802a712a0e6ae5acb075d36527484a8750d2dc80727bd117d880709389677b4a6293549ecc3d43a4ee17492481612574a899eff2be32cf9e3a11c5dd269bcfde458823c94953e738b9895a3f6eb884d447750494d3222fa4b2c346eaea757840df08f83f0bd6c7412aa23531e9b831b1207cfc302d0cbb56d2ec5b4a82351e464dafb9e7cfdec38198089a0080045f9f9f8e2a1ca32a28a7481441124c492776669f7b7c08d92a4c26a565ebdd3a8ee62408fc7ae17d2cc6a9009f29e7b7d79e2baf950a64c19802fbf5faf2c4532a868d3a734c1aa7c48e77d8193b75e7814f12ad20aa0a4b6074800c6fb9bf3ebcb1e65298470cb760ad637079811d304d5acb586a8d2c87bc9d05c08fae58009335a9b512edd4ccdfd7ead89d7cc91a614c74f126797c3d0e067aaa040daf31ce4448fc71ea57530c8430037611711b89df152a1fdeff00b9f8fe98ec4bfb53f45f80fd31d821731317fc715b017f0fafd31e1262f89ade7c6df87f4c5172d5851e3b7d7c7e383abbca4f306ff2c2cd3311c801eb2270693097f0fcff004c00cce4fc317e5c018e811d2d8f1369c1568a8355a37c6af83e6415a8ccb3f64e60c8128094133006935b57320fc714125b1a1c83914da4c28a756e6c06a5224936bd879138ce98dbe4f3b2951416ed28f65503c9eff6ccb320f33a52c67df3cc631fed1e6d0d4a8aa8cd0c8cc05e549a81e0749b8f1f3c68f279ad34f3151635d4aa20b0900520a94cc4198d0d5001692bb098c3f101d8e6830730d979d503ba2b292b264fba1d0fa618badee542556aca4f79aa567a64c47da9634edffb75019fdd9e462da7443d12b1a98252a9a3f68ba0a750291fbe5581bc1b722319ccbe6a99a74d89fb4a2a015e6d018328b893a1ea08e7ad63dc387dc2b88a3902a54694122ae9214ad417d704f70ead41ceda9a4026401f96a8b98c9356a60ad401c3536fda052ad39b4c4ad35fe17c515b33d9d261ef22534281841029b0d3239128d4c5f983e1266772f1a9c94ef59d90a856200b31e409bcb7787ad91e7b2af4daa55a8c0d2a9dda8dfb2cc201a808d9a3de1304bda1a0450b4eb6b01c4a5aa2a833014d267320492350b03fb27ae0bcce69e9a286595029c91de75052a33b6959e7514f8ea03c4e6322c695482c54ea2ac1a343775b46b06c1412b3cfdf02c704f15a9ad8a0d256e598817085180616063472e83969c5432fed428d40bad56204b77951d5dbbe07de0ca041bfbab17be32bc5bda20848cbd42ca14a87710c4b92ced1cb5166e422de580b8fe7c934e9db4ad3523a8dc2cf885d3e984b94c9b54240d86e77f87527173137525ccbb2b2892cd02dbc03aa3ca6f83f23922b1aae49109ca7ab1c154e8aa42535d4e624efe527e85bd716a38a64df531104f8f30be03af33e0317750633f66b0b062d3cbc606152550c6fab737fabe08cc568531ff8e780b275f4cca827e1f5cb00ccb404800fa499e5171e37f1389d5a84d89881e3702c3af8e3a83ea966bd8785fc23cf14366d7b4a8a576b7c86d82a79610a5a4dc0b01e1cfe5cf1ebe588a81d4ded23af507e7f118ab87668ead3a64193b73f5c5ef99d3de33324c7289e63d2d809667241d4326d1de51f76c2f1854d48abca9b6de1d3e43a74c1ab9d8b93a49248d323aefeb89ad4a6f3ae509fbc3636dcac44e006d2bf4e7f5c763dfec49fe22fcff5c760a59be2c560a0dc787c6df9e297173e04e3c75b4e0caf437f307e409fcb05354943e63e404fe270165ee07ae0a630bf03818b0d4926c7e863c52488f8e28156de389d33b8f1182fa2e8242e1ee56aa3d3ece0777bd2649d506e04c12390f9ef39e40da7e38232d54a93e220db00f1f324aad1f7430a9a8824ecca1413361a01248836f18c0bed2293102f0b4db483b0a415e47fee211fca31e5009ef3318dcf3924413ea0fd739b66bb45d3da2b90aca6469679b821bded40e96836ee441b60be33dacc80c4c01a4113604695607783a41e7052f183339c52b1ac48601d4b1428c24477a044c83780d3e937f33d93ee8d6aee44f7af026370b79b74f5e5806a6535400194eaf79f50991b49022f1048df065abcb71d3502552ddf241a94cea1aa2442ea31100f7248912348b29b9ce226a51a88a55432902a5272844800074291a4d846ad57dad38c32534f7c93dc58218d899311d26d68dda71e3e7e1c3082a791fbc396af0dbd57d7122d347aeefd9238d65077588868d2a1408bc1246fb0079e09e3b51a8d1d0c21dd48624dc6a13a6fb922093e1116c23cbf16d07593a9c1257a033209ebc8fa603ad98a998750cc58f89e7b133e407c316151a148bbea9851124f200447e58754d74c2208f2e43a799e6711cbd2545b5d14dbf79ad2c7f2fe98272f6ef1304cc4f202ec4fa0b608b6bd414934a4177dcf402dfd3e8616d3627bd23a0c4abd60cc4ec76f48dbe1f8e21955303c0df11a135a8ca4f5da3096201924ef6e91f518d2e5a1a54ef18559ea652d10666fb4618ca5957d48162d06fd63f4c059e621b58fbc3e636f962fe1557492a48206a83f3f862fcc535653d419bf4c50370eaedad662c47cf0c2a00249f7797e9e9851921def5c1f9a53d7a7972c4d57956a9245a3cbf3c094f3704eadcdbd716bea1b11e33d31482a0f8fd73fd314a224f41f01fa63b1476cbfb29f018ec0a8d6f79bcce38ed8ec7608f72ff77ccfe583733eeaf97fd38f71d8011716d0e7e9f8e3b1d803a97bbeb8ea5fae3b1d82a4fb7ae215f7f863b1d82f860beed2f3ff00a5b0ab33b57fe13ff4e3b1d8321788fbb57f8c7e0b852bb1f2fcf1d8ec535561870bf79bf87f35c763b0d30ec7fb3a7f5cce3aa7bbff00db3ff563dc76205efbb609cbfb87cce3b1d89aba2b2ffed17d7f0c03c6f71e67f1c763b040f95ddfd7f3c5efee8f33f8e3b1d8a28c8efea7f0182f37ef0f3c763b0d029f79bf8bf5c40ef8f71d80ec763b1d80ffd9),
('paperino', '@paperino', '$2y$10$SjXIeD/RgdHevkUNd4azqeQR1Q8c5YwGJYjNuKrB/PRYDhEGTLcoy', 'zio paperone', 0xffd8ffe000104a46494600010100000100010000ffdb008400090607080706090807080a0a090b0d160f0d0c0c0d1b14151016201d2222201d1f1f2428342c242631271f1f2d3d2d3135373a3a3a232b3f443f384334393a37010a0a0a0d0c0d1a0f0f1a37251f253737373737373737373737373737373737373737373737373737373737373737373737373737373737373737373737373737ffc0001108007e007e03012200021101031101ffc4001b00010002030101000000000000000000000004050103060207ffc400381000020201020205070b050000000000000001020304051121311213325171152241536191b1335262728182a1c1d1e1f11423243443ffc400160101010100000000000000000000000000000102ffc40017110101010100000000000000000000000000011131ffda000c03010002110311003f00fa2000db200000000000000000000000000640c00000000001f040013b1b4cbae5d29b55c7dbc5b264746a76f3adb1bf66c89aaa505adda36cb7a6d6df74915d6d36533e85b17191746b000400000000000000000b0d27115d675b624e107c13f4b2bd9d1e9b5f578752ef8eefed25549064c19508d9f8ab2696b65d35d964a0c0e4dad9b4f9ae66095a9d6abcdb124927b4b8114dea00008000000000000c33a8c5e38d56df317c0e60bed22e5662286fe757c1fe44aa9e0032a07c8186d25bbe4050eb2ffcdfb88826dccb7aecab2c5c9be1e06a35100015000000000000037e2644b16e538f6794977a34062aba9a6d85d5a9d72de2cd872b55d6d2f7aac947c0971d5f292d9aadfb5c7f7338abf2a755ce4975153ddbedb5f020dd9f936f0958d2ee8f023164412001500000000000003d575cec9a8d717293f423d514cefb55705c5fe074387895e34368ade5e997a592d557e3e8edf1c89edf463fa9323a66225f26df8c993019544f26e27aa5ef63c9b89ea97bd92c0113c9b89eabf1661e9988ff00e7b7849930015b668f435fdb9ce0fdbc5103274dbe85d25b5905cdc79afb0e841747240b6d530124efa56db76e2be2549a40001000f7547a76c21f3a49055ce8f8dd551d6c979d671f0458988a518a4b92e08c985000000000000000061a4d71e47379f47f4f95382ecbe31f0674a536bd0daca67de9af77f2582ac006990df82b7cca7eba3412303fdda7eb8a3a500186800000000000000002a75f5c28fbdf916c55ebdf2553ee93f8167453000d23ffd9),
('pippo', 'pippo04@gmail.com', 'pippo04', NULL, 0xffd8ffe000104a46494600010100000100010000ffdb0043000b090907090907090909090b0909090909090b090b0b0c0b0b0b0c0d100c110e0d0e0c121912251a1d251d191f1c292916253735361a2a323e2d2930193b2113ffdb0043010708080b090b150b0b152c1d191d2c2c2c2c2c2c2c2c2c2c2c2c2c2c2c2c2c2c2c2c2c2c2c2c2c2c2c2c2c2c2c2c2c2c2c2c2c2c2c2c2c2c2c2c2c2c2c2c2c2cffc000110800d600d603012200021101031101ffc4001b00010002030101000000000000000000000001060405070302ffc4003e10000202010105040706030803010000000001020304110521315171061241611316325594a1d22242528191c11423b133536372a2b2c2e115546283ffc4001b01010002030101000000000000000000000001040205060307ffc4002c11010002010204050207010000000000000001020304110514213112415152b11371223242618191c1f0ffda000c03010002110311003f00f16deafa8dfcc73ea0ee5f3837f31bf980037f31bf980037f31bf980037f31bf980037f31bf980037f31bf980037f31bf980037f31bf980037f31bf980037f31bf980037f31bf980037f31bf98004ad410812839f5039f504240000000000000000000000000000000000000000000000012810812839f5039f50424000000802410009008024033b67ec8da9b4deb8b4ff253d25917370a53f1517a36df44cc6f7ad23c569da19d31db25bc348de5820b9e3f62f1d28bcbceba72d37c71a10aa1af59f7a4657a9db134dd3cd4f9fa74fe4e1a1af9e258227bccff000d95784ea6d1bed11fca840b7657632494a5859adbe2abca82dfe5e92b5ff12b599839db3ec5566512aa4f5ee37bebb12f184d6e659c3aac59ba527aaae7d1e6c1d6f5e8c60016550040024100090000000040204a0e7d40e7d41090000082480000024032b67e14f68e7626145b4ae9ff00364b8c2982ef4e5fa6e5e6d18dad14acda7b432a526f68ad7bcb6fd9eecfada4d66e645ff031935557bd7f1528bd1b935f717cfa2fb57e84215c6308463184128c6314946314b44925bb422aaaba6baaaaa2a15d708c2b8c7846315a248fb391d4ea2da8bf8addbc9dce93494d353c35efe72000acb883c72b1717329b28c9aa36d535be32e7e0d35bd3e4cf704c4cc4ef08988b46d2e67b6b63dbb26f8a4e53c5bb578f6be3bb8d73d3ef2f9fc96a8ea9b4f06ada387918b3d35b23ad52feeed8ef8497e7c7cb5e672b929465384d38ceb9cabb22f8c6707dd945f4674fa0d54e7a6d6fcd0e3b8968e34d7f153f2cff00db20006c5aa0000480000000201025073ea073ea08480000010048200125a7b17429656d2c96b7d54534475f076c9ce5fed4558b8762a4b4db10f1efe2cff2719c7f628f10998d3db6fdbe5b1e19113aaa6ffbfc2e20039476c00000000868e5bda7ad61ededa1dc5fcbbfd0e4b5e7641779fea99d4ce63db49465b72697186262c25d7ed4ff00746c7874cc66e9e8d5715ac4e0ebead5c65192528bd5324c1aac75be717c57ee8cd4d492927aa7c0e9ab6f1391bd26b290403279a40000000100812839f5039f5042400000000000037bd95cb8e36d4554de90cda9d1bf87a58befc3f75f99a226329c2509c24e3384a33849718ca2f54d743cb363fab8e69eaf6c19670e4ae48f276006ab626d6ab6ae246cd54726ad21955fe19fe24bf0cb8afd3c0da9c6deb34b4d6dde1dee3c95c958bd67a4800317a000021b4936f44b8b6fc178b38e6d7cc5b4369ed1cc8b6e175f2f44dff7504ab87c922f1dafdb70c4c69ecdc79afe2f2a1a5ee2f7d18f25bf5ffea5c1796af96bce4dcf0ec33113927cda0e279e2d318abe5dc3d2ab1d6f9c5f15fba3cc1b789d9a59889eed826a4934f54d6e6498555aeb7a7dd6f7ae5e68cc4d349a7aa7c0f7adbc4a97acd6520032600000940840941cfa81cfa821200000040120800480401918b9797837c32316d75db0ddae9ac6517c6138f069f8afdd6aaf1b2fb55b3333b94e5ca38797a25dcba5a5363e755af77e4f47d4a01f16571b22d4bf27c8a5aad1d3511bcf49f56c349aec9a6e91d63d1d8f54d26b7a6b54d6f4d751aa38cd39db5701f731b332a849fb355d38c1f9f775eefc8ca7da2ed238f75ed4cad3c9c13fd547534f3c36fbf4b437f5e2d8e63ad65d6acb6aa612b2d9c2bae0b594ec928422b9b949e85476cf6cf1a98ce8d93a5f7b4e2f26517e82a7c35ad4bda7cb769d78144c8caccca977b2b26fbe4b83bed9d9a74efb6789ef8b87d6b3be49dd5b3713bde36c71b3eecb6dbacb2db672b2db24e764e6dca5393e2db67c006ce2368da1a999dfac8002501eb55be8de8fd87c7cbcd1e40989d913113ddb04d349ade9ad5324c3aad70dcfd87fe9f332d34d6ab833deb6dd52d59aca40064c040204a0e7d40e7d4109000000000021e8936de896f6df80124719462937293d2318a72949f28c56f66ef64f677686d350bac6f1b09e8d5938ff0036d8ff008507e1e6ff00465df67ec7d97b363a62d118cda4a774feddd3ff003592dffd0d76a38863c3f86bd65b4d2f0ccba88f14fe1aa8d89d9adbd97dd93a238d5bfbd972eecb4f2ae29cbf5d0dd51d8aa1775e567dd27e31c7ae15c7f59f7996fd01a7c9c473dfb4edf66fb1709d3d3bc6ff007575763bb39a25655936e9bf59e4da9ffa1c4fa7d8fecb7fe94d74c9cad7fde58015a751967acda7fb5c8d2e0af48a47f4abdbd87ececf5f46f3697e1e8f21cb4fcae5235793d82b629bc2da2a4fc21974e9afff00a54ffe05f068655d5e6af6b30be8705bf4b90676c0dbdb3bbd2c8c29caa8ebadd8cfd35492f16e1f697e7146b168d269eef23b8b46836af65763ed2efd90aff85cb96afd3e3462949ff8b5fb2fe4fccbd8b88f9648fe9aecdc2f6eb8a7f8972d06c76aec6da5b1ed50cbad3aa6daa722ad5d367927c53f27f3e26b8dad6f5bc6f59e8d35e96a4f86d1b480033621ed4dbdc7dd97b0fe478826276ec89ac4c6d2d883129b7b9f665ecf83fc3ff4659ef5b6ea76acd6440940cd8239f5039f50424000000010da49b6f4496adb2ddb03b34a6aacfda75ea9f7678d8b62dcbc5597c5f8f28febbf74717b2fb1966ddff90c986b8b8f6698f092dd75f1e3269fdd8ff5ff00297d347c435b313f471cfde7fc745c3387c5a233e58fb47fa2491201a274a0000000000000000f1c8c7c6caa6da322a85b4db1eed95d8938c979afe8732ed0f676ed8f67a7a7bd66cfb67dd84e5be74c9f0aed7fed7e3d7daea6795f451934dd45f5c6ca6e84abb2135aa945f14cb1a7d45b0db78eca9a9d2d7515da7bf94b890367b7364dbb1f3acc66dca89a76e2d8fefd4de9a49fe28f07faf89ac3a4a5e2f58b57b4b95bd26969adbbc00033601ed4dbddfb32f67c1f23c41313b31b562d1b4b62818b55ce1aa926d69bb9af207bc5e15671cc4b2b9f5039f5064c000003d71b1eecbc8c6c5a7fb5c8b63541e9af775e337d16aff23c8b2f63b155b9f979725aac4a235c3cacbdbd5fe8be6786a32fd1c56bfa2ce970fd7cd5c7eabae2e351898d8f8d447bb5515c6b82f1d12e2fcdf167b908938e99dfacbbdac45636800042400000000000000000001a2ed3ecb5b4b65dfdc8eb9388a5938cd2dedc57dbad7f997cd23951dc8e3db6f0d606d6da58b15a570bdcea5e0aab52b629744f4fc8dbf0ec9df1cfdda2e2986236cb1f66b8006e1a400004a010250d873ea073ea0b2a2000017aec656a3b3b2edd37db9b66bd2b8420bf728a6ff65769abd8f82b1a58565fa5d75ae70b630fed1ebc1c59438863be4c3e1a46fd5b2e199298b3f8b24ed1b3a10293ebf63fbb2ef88afe91ebf63fbb2ef88afe939fe5337b5d473da7f77caec0a4fafd8feecbbe22bfa47afd8feecbbe22bfa47299bda73da7f77caec0a57afd8feecbbe22bfa48f5fb1fdd777c457f48e5337b4e7b4feef95d8149f5fb1fdd977c457f48f5fb1fdd977c457f48e5337b4e7b4feef95d8149f5fb1fdd977c457f48f5fb1fdd977c457f48e5337b4e7b4feef95d8149f5fb1fdd777c457f48f5fb1fdd777c457f48e5337b4e7b4feef95d8149f5fb1fdd977c457f48f5fb1fdd777c457f48e5337b4e7b4feef95d4e6fdb8aa30dad8f625beec1adcbce50b270fe9a1b3f5fb1fdd977c457f495ced06da86dbc8c5be18f2a1514caa719cd4dcb59f7b5d5245ad260cb8f2c5ad1b429eb753872e19ad6dbcb4c00376d000002500804361cfa81cfa82d288000041200c4ba9ee6b28fb1e2bf0ff00d1e26c0c5baaee3ef47d87fe93c6d5dbac2ce3c9bf4978800f37b00000000000000000000000000000000250081286c39f5039f50595100000000087a34d3e0f89200c3b6aee3d57b0fe5e4791b06934d3d1a7b99896d4eb7aaf65f0f2f2678debb75859c77dfa4bc80079bd800000000000000000000000000012804094363a3d5f52346016944d068000d18d1800341a300068c38ea9a7a34f734001856d7e8e5a27aa6b55e48f8d002acf75cacef068340086468340006834000683400068340006834000683400098c5b7e1c000265943fffd9),
('Poppo', 'kcodajcodcj', 'dkvosdjvov', NULL, ''),
('tommaso04', 'paglaitom04@gmail.com', 'tommaso2004', NULL, 0xffd8ffe000104a46494600010100000100010000ffdb008400090607080706090807080a0a090b0d160f0d0c0c0d1b14151016201d2222201d1f1f2428342c242631271f1f2d3d2d3135373a3a3a232b3f443f384334393a37010a0a0a0d0c0d1a0f0f1a37251f253737373737373737373737373737373737373737373737373737373737373737373737373737373737373737373737373737ffc0001108007e007e03012200021101031101ffc4001b00010002030101000000000000000000000004050103060207ffc400381000020201020205070b050000000000000001020304051121311213325171152241536191b1335262728182a1c1d1e1f11423243443ffc400160101010100000000000000000000000000000102ffc40017110101010100000000000000000000000000011131ffda000c03010002110311003f00fa2000db200000000000000000000000000640c00000000001f040013b1b4cbae5d29b55c7dbc5b264746a76f3adb1bf66c89aaa505adda36cb7a6d6df74915d6d36533e85b17191746b000400000000000000000b0d27115d675b624e107c13f4b2bd9d1e9b5f578752ef8eefed25549064c19508d9f8ab2696b65d35d964a0c0e4dad9b4f9ae66095a9d6abcdb124927b4b8114dea00008000000000000c33a8c5e38d56df317c0e60bed22e5662286fe757c1fe44aa9e0032a07c8186d25bbe4050eb2ffcdfb88826dccb7aecab2c5c9be1e06a35100015000000000000037e2644b16e538f6794977a34062aba9a6d85d5a9d72de2cd872b55d6d2f7aac947c0971d5f292d9aadfb5c7f7338abf2a755ce4975153ddbedb5f020dd9f936f0958d2ee8f023164412001500000000000003d575cec9a8d717293f423d514cefb55705c5fe074387895e34368ade5e997a592d557e3e8edf1c89edf463fa9323a66225f26df8c993019544f26e27aa5ef63c9b89ea97bd92c0113c9b89eabf1661e9988ff00e7b7849930015b668f435fdb9ce0fdbc5103274dbe85d25b5905cdc79afb0e841747240b6d530124efa56db76e2be2549a40001000f7547a76c21f3a49055ce8f8dd551d6c979d671f0458988a518a4b92e08c985000000000000000061a4d71e47379f47f4f95382ecbe31f0674a536bd0daca67de9af77f2582ac006990df82b7cca7eba3412303fdda7eb8a3a500186800000000000000002a75f5c28fbdf916c55ebdf2553ee93f8167453000d23ffd9);

--
-- Indici per le tabelle scaricate
--

--
-- Indici per le tabelle `commento`
--
ALTER TABLE `commento`
  ADD PRIMARY KEY (`idC`),
  ADD KEY `idP` (`idP`),
  ADD KEY `user` (`user`);

--
-- Indici per le tabelle `post`
--
ALTER TABLE `post`
  ADD PRIMARY KEY (`idP`),
  ADD KEY `user` (`user`);

--
-- Indici per le tabelle `utente`
--
ALTER TABLE `utente`
  ADD PRIMARY KEY (`user`);

--
-- AUTO_INCREMENT per le tabelle scaricate
--

--
-- AUTO_INCREMENT per la tabella `commento`
--
ALTER TABLE `commento`
  MODIFY `idC` int NOT NULL AUTO_INCREMENT, AUTO_INCREMENT=20;

--
-- AUTO_INCREMENT per la tabella `post`
--
ALTER TABLE `post`
  MODIFY `idP` int NOT NULL AUTO_INCREMENT, AUTO_INCREMENT=5;

--
-- Limiti per le tabelle scaricate
--

--
-- Limiti per la tabella `commento`
--
ALTER TABLE `commento`
  ADD CONSTRAINT `commento_ibfk_1` FOREIGN KEY (`idP`) REFERENCES `post` (`idP`) ON DELETE RESTRICT ON UPDATE RESTRICT,
  ADD CONSTRAINT `commento_ibfk_2` FOREIGN KEY (`user`) REFERENCES `utente` (`user`) ON DELETE RESTRICT ON UPDATE RESTRICT;

--
-- Limiti per la tabella `post`
--
ALTER TABLE `post`
  ADD CONSTRAINT `post_ibfk_1` FOREIGN KEY (`user`) REFERENCES `utente` (`user`) ON DELETE RESTRICT ON UPDATE RESTRICT;
COMMIT;

/*!40101 SET CHARACTER_SET_CLIENT=@OLD_CHARACTER_SET_CLIENT */;
/*!40101 SET CHARACTER_SET_RESULTS=@OLD_CHARACTER_SET_RESULTS */;
/*!40101 SET COLLATION_CONNECTION=@OLD_COLLATION_CONNECTION */;
